Feature	Gain	Cover	Frequency
ctrx_quarter	0.119562090368009	0.00681936589286323	0.00661207325845183
Visa_status	0.0758187413984224	0.00308082245032779	0.0007193050406684
mcuentas_saldo	0.0391982746629132	0.00916728689809282	0.0094062966856637
rf_001_006	0.0293646905299812	0.000520039209782813	0.000165993470923477
foto_mes	0.0180724897187538	0.00765404184111861	0.0113152216012837
mcaja_ahorro	0.0144346060401736	0.00236440463466536	0.00592043379627068
Visa_msaldototal	0.0144159157296766	0.00471934607117026	0.00464781718585736
mprestamos_personales	0.00991401365152051	0.0050773926325797	0.0032368726830078
rf_016_007	0.00925767670033359	0.00169947839342023	0.00116195429646434
rf_009_003	0.00779009719641698	0.00183432974829622	0.000497980412770431
numero_de_cliente	0.00767122821704315	0.00612238927150166	0.0133348088308527
mcuenta_corriente	0.00699909370486005	0.004492226671632	0.00744204061306922
Visa_Fvencimiento	0.00697933309881409	0.0044317410333478	0.00907430974381674
ctrx_quarter_delta1	0.00661743533365706	0.00276664042603731	0.00630775189509213
mactivos_margen	0.0065384374538072	0.00493219412670936	0.0079676866043269
mtarjeta_visa_consumo	0.00645030812223715	0.00639444221909012	0.00500746970619156
ctrx_quarter_delta2	0.00638232217501962	0.00350108938943279	0.00749737177004371
mrentabilidad_annual_lag2	0.00599864033790099	0.00355899575044314	0.00758036850550545
cliente_edad_lag2	0.00587544941539487	0.0053870616426465	0.00948929342112544
cliente_edad	0.00577942137078055	0.00579498929235583	0.00968295247053616
rf_013_000	0.0057712670199623	0.000692838049366063	0.000304321363359708
mrentabilidad_annual	0.00574799521115413	0.00322504831967863	0.00794002102583965
rf_018_006	0.00567355227630259	0.000789155742003025	0.000525645991257677
mcuentas_saldo_delta2	0.00563938751553017	0.00387543740620294	0.00744204061306922
Visa_mpagominimo	0.00544583780027169	0.00529615533717858	0.00816134565373762
rf_001_001	0.00534840032349671	0.000285157704568662	0.000138327892436231
cdescubierto_preacordado	0.00530182255063755	0.00072126129077425	0.000829967354617385
mrentabilidad_annual_delta1	0.0051817433344768	0.0026652627162811	0.00749737177004371
mpasivos_margen	0.00517986023498869	0.00316817371764487	0.0068333978863498
cpayroll_trx	0.0051747568883965	0.00191618839514957	0.000857632933104631
mpayroll	0.00513377627637016	0.000896432959701964	0.00127261661041332
cprestamos_personales_delta2	0.00508211891135972	0.000936788843362012	0.000553311569744923
mcomisiones_lag2	0.00504821242020708	0.00232567197488787	0.0068887290433243
ccomisiones_mantenimiento_delta2	0.00480569600344415	0.00244173704885951	0.00141094450284955
rf_004_005	0.00477441909869384	2.34687314379518e-05	5.53311569744923e-05
mrentabilidad_annual_lag1	0.00477259070800197	0.00297492187260506	0.00705472251424777
cdescubierto_preacordado_delta2	0.00471145141617864	0.000931373130159525	0.000442649255795939
Visa_fechaalta	0.00469522021933452	0.00327174785071507	0.00769103081945444
mprestamos_personales_delta2	0.00463283013340626	0.00324800754051086	0.00240690532839042
mrentabilidad_annual_delta2	0.00461609869484648	0.00432792536341027	0.00771869639794168
Master_Fvencimiento	0.00450841020317377	0.00271989571198489	0.00799535218281414
mcuentas_saldo_delta1	0.00441286246098898	0.00365772208236808	0.00694406020029879
Visa_mpagominimo_delta1	0.00434762081402225	0.00384450242170968	0.00462015160737011
Master_fechaalta	0.00430297776944651	0.00252501655736427	0.00603109611021966
rf_011_003	0.0042974634374855	0.00206572591256503	0.00058097714823217
mcomisiones	0.00425541392375299	0.00354567036575725	0.0076080340839927
Visa_mpagominimo_lag1	0.00418418080625771	0.00289927973581187	0.00550545011896199
mcuentas_saldo_lag2	0.00393330102647056	0.00551015339660842	0.0065290765229901
mactivos_margen_lag1	0.00392192323213257	0.00349917535996867	0.00605876168870691
chomebanking_transacciones_lag1	0.00389189310600152	0.00174119217091156	0.0061694240026559
mcomisiones_mantenimiento	0.00381048617848945	0.00403664824419877	0.00550545011896199
rf_009_014_lag1	0.00378897009596336	0.000437135104846977	0.000165993470923477
mcomisiones_lag1	0.00372780073549545	0.00253729600329729	0.0068887290433243
Visa_Fvencimiento_lag2	0.00371172654741111	0.00282572298747425	0.0068887290433243
mactivos_margen_delta2	0.00368475243986315	0.00370746521826811	0.00672273557240082
Master_Fvencimiento_lag2	0.00365269294552588	0.00373716175552022	0.00614175842416865
rf_015_011	0.00364137819339091	0.00235755652372227	0.000497980412770431
Visa_mconsumototal	0.00362094411771518	0.00229067893068821	0.00605876168870691
mpasivos_margen_lag1	0.00361192550148219	0.00241074870995375	0.0064737453660156
cproductos	0.00361183866352261	0.00362735428892646	0.0050351352846788
cliente_antiguedad	0.00354056606715074	0.00430404109242642	0.00641841420904111
cliente_antiguedad_lag2	0.00352858387917364	0.0024289889493033	0.00589276821778343
ctarjeta_visa_transacciones	0.00352841589000396	0.00301492927023761	0.00420516793006142
chomebanking_transacciones_lag2	0.00349288359847429	0.00211632824677424	0.00572677474685996
mpasivos_margen_lag2	0.00344491030205612	0.00345894613295447	0.0064737453660156
Visa_Fvencimiento_lag1	0.00343307833758114	0.0031259566782628	0.00625242073811763
mactivos_margen_lag2	0.00342576544696924	0.00373538447677998	0.00536712222652576
chomebanking_transacciones	0.00337112489578287	0.00247529577263703	0.00622475515963039
Visa_mfinanciacion_limite	0.00334693631822572	0.00303921946735969	0.00525645991257677
mcuenta_corriente_lag2	0.00334331262854628	0.00352269456179681	0.00533945664803851
mactivos_margen_delta1	0.00330373895118727	0.00213476940634378	0.00614175842416865
mrentabilidad	0.0032696942231582	0.00260062168253799	0.00636308305206662
mcuentas_saldo_lag1	0.00326113455390817	0.00211182364428226	0.0058097714823217
mcomisiones_delta1	0.00325209756348118	0.00275057473949934	0.00625242073811763
mcuenta_corriente_delta2	0.00320691215943965	0.00557676734193754	0.00603109611021966
Visa_mpagominimo_lag2	0.00317413757595286	0.0024697252835713	0.00478614507829359
mrentabilidad_delta1	0.0031692089511629	0.00319985133787949	0.00622475515963039
Visa_fechaalta_lag2	0.00316226965213469	0.00259618317222364	0.00486914181375533
mttarjeta_visa_debitos_automaticos_delta2	0.0031426796028721	0.00258402725857899	0.00486914181375533
mcuenta_corriente_lag1	0.00313849707577454	0.00407166844627506	0.0043711614009849
Master_fechaalta_lag2	0.00312766704529506	0.00226071610204406	0.00514579759862779
mrentabilidad_delta2	0.00310897258874739	0.00273611713572687	0.00578210590383445
Master_mpagominimo	0.00310433630354516	0.00339744195412922	0.0032368726830078
cliente_antiguedad_lag1	0.00305000238244592	0.00397210718989527	0.00558844685442373
mrentabilidad_lag1	0.00300578035357344	0.00336073868470772	0.0054501189619875
mcomisiones_delta2	0.00298881415981439	0.00343172120281049	0.00542245338350025
cliente_edad_lag1	0.00297206404254284	0.00204478935270342	0.00462015160737011
mcuenta_corriente_delta1	0.00286195389257883	0.00396499471024166	0.00492447297072982
mttarjeta_visa_debitos_automaticos_lag2	0.00283813101415356	0.0021217278575189	0.00459248602888286
chomebanking_transacciones_delta2	0.00281256664408692	0.00265628475487203	0.00531179106955127
Master_mfinanciacion_limite	0.00274621688983719	0.00258182915291866	0.00497980412770431
Master_fechaalta_lag1	0.00274101934919775	0.00251645918254011	0.00453715487190837
Visa_mconsumototal_delta2	0.00271958272033386	0.00192536271041	0.00478614507829359
mrentabilidad_lag2	0.00268731331371309	0.00252831179317324	0.0047308139213191
mcomisiones_mantenimiento_delta1	0.00268210889222019	0.00239340684354957	0.00376251867426548
Visa_mconsumototal_delta1	0.0026754986957957	0.00213444711685214	0.00481381065678083
Visa_mpagominimo_delta2	0.00265651109971627	0.00182078686026214	0.00398384330216345
mtransferencias_recibidas	0.00265199873812272	0.00194975144496054	0.00370718751729099
Visa_fultimo_cierre	0.0025837355878301	0.00336658724158987	0.00462015160737011
kmes	0.00258038912153326	0.0017347362870008	0.00450948929342113
mpasivos_margen_delta2	0.00257065131116125	0.00175903633786572	0.00453715487190837
rf_008_011	0.00252846755535047	0.000527140874352808	0.000525645991257677
kmes_lag2	0.00251442303778021	0.00141639430088277	0.00409450561611243
Visa_mconsumototal_lag2	0.00250762922398085	0.00189697239492303	0.00412217119459968
mpasivos_margen_delta1	0.00249945816050837	0.00178087175134307	0.00484147623526808
Master_fultimo_cierre	0.00249631900423088	0.00208145825419256	0.00478614507829359
Master_Fvencimiento_lag1	0.0024910825175836	0.00192849596029998	0.0043711614009849
Visa_cconsumos_lag2	0.00247080904672299	0.0014515805745763	0.0039561777236762
chomebanking_transacciones_delta1	0.0024691618183531	0.00296013621129636	0.00448182371493388
Visa_fechaalta_lag1	0.0024543284870278	0.00236408522919602	0.00387318098821446
mcaja_ahorro_lag1	0.00245402032642585	0.00298448505020514	0.00486914181375533
ctrx_quarter_lag2	0.00240923603759871	0.00168672981319365	0.00428816466552316
mcaja_ahorro_lag2	0.0023710323878124	0.00242014341258468	0.0043711614009849
Visa_cconsumos	0.00237065821344744	0.0018850361476433	0.00412217119459968
mcomisiones_mantenimiento_delta2	0.00236061728862349	0.00181933211134873	0.00329220383998229
ctarjeta_visa_transacciones_delta2	0.00234666917942046	0.00191313709955985	0.00279422342721186
internet	0.00234649258255604	0.00223689551988593	0.00190892491561999
Visa_msaldototal_delta2	0.00231990705020926	0.00178609808041476	0.00381784983123997
mttarjeta_visa_debitos_automaticos	0.00227771748699117	0.0016433276809829	0.0043158302440104
rf_001_002	0.00225368481433149	0.00018959057873437	0.000138327892436231
ccomisiones_otras	0.0022428820665962	0.00276514073444312	0.00401150888065069
Visa_fultimo_cierre_lag1	0.00224045879244036	0.00147564125159062	0.00392851214518896
cproductos_delta2	0.00223297210187498	0.00273791724631029	0.00135561334587506
Visa_fultimo_cierre_lag2	0.00222926287930112	0.00173960283429099	0.00406684003762519
Visa_mconsumototal_lag1	0.0022153075421639	0.00148841266366038	0.00409450561611243
mcaja_ahorro_delta2	0.00219880269979728	0.0021250418394728	0.00403917445913794
Master_mfinanciacion_limite_lag2	0.00216405404828083	0.000964882825558012	0.00315387594754606
internet_lag1	0.00214692803131091	0.0019371102945645	0.00185359375864549
Visa_mfinanciacion_limite_delta2	0.00210826449332044	0.00112653852399307	0.00362419078182925
Visa_mfinanciacion_limite_lag2	0.00206080504178349	0.00179642288023631	0.00337520057544403
mcomisiones_mantenimiento_lag2	0.00205194968399279	0.00456675581615393	0.003596525203342
ctrx_quarter_lag1	0.00203522696927539	0.00181370081747958	0.003596525203342
Visa_mlimitecompra	0.00201451441598708	0.00188407913291124	0.00296021689813534
Master_mlimitecompra_delta2	0.00200746895694103	0.00259252406893493	0.00373485309577823
Visa_msaldototal_delta1	0.00200673037038803	0.00153068161544379	0.00351352846788026
Visa_msaldototal_lag1	0.00199166303303977	0.00200517322076243	0.00326453826149505
Master_fultimo_cierre_lag1	0.00199008085746152	0.00165272382562497	0.00376251867426548
mcaja_ahorro_delta1	0.00198001811068028	0.00517883835719507	0.00417750235157417
mttarjeta_visa_debitos_automaticos_delta1	0.00197467702077625	0.00195512918520279	0.00362419078182925
mttarjeta_visa_debitos_automaticos_lag1	0.00197300405539879	0.00151517350654981	0.00351352846788026
Visa_mlimitecompra_delta2	0.00197190355232786	0.00132128813794554	0.00329220383998229
mtarjeta_master_consumo	0.00193237253889042	0.00131829091777388	0.00110662313948985
mprestamos_personales_delta1	0.00192085936303606	0.00579714846371516	0.00235157417141592
ccomisiones_otras_lag2	0.00190571845288917	0.00256318635212356	0.00356885962485476
Visa_cconsumos_lag1	0.00187652777537819	0.00138344098145232	0.00320920710452056
Master_mfinanciacion_limite_delta2	0.00186079571431177	0.00216162950766725	0.003596525203342
Master_fultimo_cierre_lag2	0.00183813233749601	0.00178353778962102	0.00356885962485476
Master_mlimitecompra	0.00180986752156186	0.00133012670494362	0.00282188900569911
mtransferencias_recibidas_lag2	0.00178952544035533	0.00197237708054714	0.00290488574116085
rf_016_002	0.00178227316533349	0.000128653831295955	0.000165993470923477
Visa_mfinanciacion_limite_delta1	0.00177431142428015	0.00188869308791529	0.00326453826149505
ccallcenter_transacciones_delta2	0.00176333148422731	0.00210599503522099	0.00149394123831129
ctarjeta_visa_transacciones_lag1	0.00174378050873293	0.000651105045059426	0.00282188900569911
Visa_mfinanciacion_limite_lag1	0.00173559686139256	0.00147064876866014	0.00284955458418636
mtarjeta_visa_consumo_delta1	0.0017232008648906	0.0032859110438781	0.00326453826149505
ctarjeta_visa_transacciones_delta1	0.00172175936258629	0.00398681065656852	0.00304321363359708
cproductos_lag2	0.00171137806885701	0.00207766720688378	0.00271122669175012
mtransferencias_recibidas_lag1	0.00170796891574607	0.00260259579579996	0.0032368726830078
ccomisiones_otras_lag1	0.00170320066304791	0.00177299404444012	0.00334753499695679
mtransferencias_recibidas_delta2	0.00168884095606412	0.00226758103645055	0.00356885962485476
Master_mfinanciacion_limite_delta1	0.0016738334722419	0.00109635410630248	0.00279422342721186
kmes_lag1	0.00165049825568608	0.000762601827713369	0.00273889227023737
rf_008_001	0.00163822430768377	0.000435033613933578	0.000331986941846954
Visa_cconsumos_delta2	0.00163559523748346	0.001434002458679	0.00279422342721186
mprestamos_personales_lag2	0.00163364959511197	0.00357157825905248	0.00154927239528579
Master_mpagominimo_delta1	0.00163247656371637	0.00203661915787256	0.00190892491561999
rf_006_004	0.00162042853666052	0.000201204776857658	0.000525645991257677
cproductos_delta1	0.00157632241014807	0.0033561458792005	0.00105129198251535
rf_013_012	0.00156291883589345	0.000235901487766354	0.000248990206385216
Visa_mlimitecompra_delta1	0.00153591292134946	0.00157148091753193	0.00293255131964809
ctarjeta_visa_transacciones_lag2	0.00151402536212497	0.00111046755008089	0.00284955458418636
ccomisiones_otras_delta2	0.00146519297446408	0.00186995199002691	0.00248990206385216
Visa_msaldototal_lag2	0.00146313629151289	0.00114100934620107	0.00254523322082665
rf_015_003_delta2	0.0014433313419847	0.000716717273310887	0.000193659049410723
Master_mlimitecompra_delta1	0.00144213989003654	0.00109940347921067	0.00254523322082665
Visa_cconsumos_delta1	0.00143976296894271	0.00127868199588863	0.00243457090687766
mtarjeta_visa_consumo_lag2	0.00140583664041642	0.00331031275652898	0.00265589553477563
Visa_mlimitecompra_lag1	0.00136172027486943	0.00110027709763132	0.00204725280805622
thomebanking	0.00133956560448628	0.000703656257335511	0.00152160681679854
cdescubierto_preacordado_delta1	0.00133487479138598	0.00470336690530118	0.000829967354617385
mcomisiones_mantenimiento_lag1	0.00132379872275655	0.00192025318424133	0.00248990206385216
mtarjeta_visa_consumo_lag1	0.00131010766524984	0.00186124152168584	0.00218558070049245
mtransferencias_recibidas_delta1	0.00127256142180174	0.00176169949212137	0.00248990206385216
Master_msaldototal	0.00127213016119876	0.00371562531902093	0.00232390859292868
mprestamos_personales_lag1	0.00125675728593981	0.00170049645329091	0.00132794776738782
mtarjeta_visa_consumo_delta2	0.00125529393422289	0.00119264271838128	0.00240690532839042
cproductos_lag1	0.00121846489239213	0.00212999082173363	0.00235157417141592
Master_mfinanciacion_limite_lag1	0.00121607075778947	0.0012514138054102	0.00218558070049245
Visa_mlimitecompra_lag2	0.0011958531945286	0.00075392861132696	0.00201958722956897
Master_mlimitecompra_lag2	0.00111279183966792	0.000995593577317723	0.00190892491561999
rf_009_014	0.0010537955898844	1.80715240452014e-05	8.29967354617385e-05
mpayroll_delta2	0.00104438955252234	0.00151160404828749	0.00102362640402811
ccomisiones_otras_delta1	0.00104180817534427	0.00131544679111912	0.0021579151220052
Master_mconsumototal	0.00104156958535932	0.00145035294241875	0.00165993470923477
Master_mpagominimo_delta2	0.00104127167830541	0.00192303963045015	0.00154927239528579
Master_cconsumos	0.00102549669133031	0.00233732246362506	0.00135561334587506
Master_mconsumototal_lag2	0.000976255356107943	0.000954752697241477	0.00152160681679854
ccomisiones_mantenimiento	0.000963618808591506	0.00217613926417624	0.000995960825540862
Master_mlimitecompra_lag1	0.000958686426625586	0.000532694780290336	0.00160460355226028
ccallcenter_transacciones	0.00091591108833878	0.0027451744077491	0.00154927239528579
ccomisiones_mantenimiento_delta1	0.000910923509823695	0.000855001816395696	0.000636308305206662
Master_msaldototal_lag1	0.000881294992642944	0.00141648010054609	0.0014386100813368
Master_msaldototal_delta2	0.00081911429106574	0.00192737575797297	0.00165993470923477
rf_009_005	0.00080645363470878	4.20367879885378e-05	8.29967354617385e-05
cprestamos_personales	0.000800987878616401	0.00196142404453533	0.000968295247053616
rf_008_005	0.000788151552101471	9.42065883159074e-05	0.000110662313948985
ccallcenter_transacciones_delta1	0.000782791241310287	0.00168050921743524	0.00118961987495159
rf_007_003_delta2	0.00076524724001125	0.000373574858459492	0.000248990206385216
Master_mpagominimo_lag2	0.000732059117872443	0.0014441864220784	0.00124495103192608
Master_msaldototal_lag2	0.000673903025462369	0.00111130824258033	0.00116195429646434
Master_msaldototal_delta1	0.000662692768907646	0.00115604711912552	0.00118961987495159
mpayroll_sobre_edad_delta2	0.000657756052794708	0.00136147530630124	0.000857632933104631
rf_011_005	0.000657080288480161	0.000487081564318919	0.000636308305206662
mtarjeta_master_consumo_delta2	0.000648956147185966	0.0018149294109779	0.00105129198251535
internet_lag2	0.000640427787746281	0.00155494225133733	0.0010789575610026
rf_019_010	0.000638766241114751	0.000244513899349345	0.000138327892436231
Master_cconsumos_lag2	0.000631469866042803	0.00224378112311888	0.00118961987495159
Master_mconsumototal_lag1	0.000630535633143741	0.000901457166877698	0.00146627565982405
Master_fultimo_cierre_delta1	0.000626220070050108	0.000304941857187615	0.00118961987495159
cprestamos_personales_lag2	0.000618422128573836	0.00478903246158594	0.00118961987495159
ccomisiones_mantenimiento_lag2	0.000618411112739188	0.00061877707779694	0.000995960825540862
rf_008_011_lag1	0.00059690703724189	0.000294069333464917	0.000470314834283185
Master_fultimo_cierre_delta2	0.00056643526362315	0.000392758413435194	0.00157693797377303
Visa_status_delta2	0.000562595053731182	0.00117631843117739	0.000387318098821446
rf_015_014	0.000550728331501893	0.000272325728030668	0.000248990206385216
mpayroll_sobre_edad_lag2	0.000548109654053856	0.00116964288090171	0.00124495103192608
mpayroll_delta1	0.000547578337480458	0.00215132465566658	0.000912964090079124
ctarjeta_master_transacciones	0.000546912624739892	0.000848129671933466	0.000691639462181154
thomebanking_lag2	0.000533269049263739	0.000203076987998483	0.000912964090079124
Master_mpagominimo_lag1	0.000529952403880319	0.00069135902659833	0.00116195429646434
Master_mconsumototal_delta2	0.000523365966156946	0.000730620904467231	0.00102362640402811
ccomisiones_mantenimiento_lag1	0.000491176893254546	0.0021426588896711	0.000857632933104631
thomebanking_delta1	0.000478096515051852	0.000925995630252468	0.000774636197642893
ctarjeta_master_transacciones_lag2	0.000459326844050047	0.0008758352724602	0.0007193050406684
ccallcenter_transacciones_lag2	0.00045783926711052	0.00125889904494563	0.000829967354617385
rf_010_000	0.000454886777351008	0.000819400483826657	0.000304321363359708
Visa_fultimo_cierre_delta1	0.000444602497092276	0.00016508359926967	0.00094062966856637
ccallcenter_transacciones_lag1	0.000437123013295203	0.000914608789220223	0.0007193050406684
thomebanking_delta2	0.000431181532460243	0.00131604762909757	0.000746970619155647
rf_011_005_lag2	0.000427850314469304	0.000215873635263345	0.000636308305206662
rf_014_005	0.000425916251295255	9.64251224675073e-05	0.000331986941846954
rf_006_001	0.000403642642702946	0.000417124316142556	0.000442649255795939
Visa_fultimo_cierre_delta2	0.000402981879214496	0.000601606330049019	0.000968295247053616
rf_014_002_delta2	0.000401003775288901	0.00124108035352176	0.000387318098821446
mpayroll_sobre_edad_delta1	0.000396674146224664	0.000894600163532524	0.00121728545343883
rf_011_004_lag2	0.000396059281465807	0.000213244848940065	0.000553311569744923
thomebanking_lag1	0.000394517322495741	0.000309617578335852	0.000774636197642893
mtarjeta_master_consumo_delta1	0.000392626776001792	0.000776197589489558	0.000774636197642893
rf_015_014_delta2	0.000380264459311321	0.000170142174377771	0.000276655784872462
rf_020_007	0.000367909756403845	8.73527093282217e-05	0.00058097714823217
ctarjeta_master_transacciones_lag1	0.000362043486437647	0.00123201418909745	0.000746970619155647
Visa_fechaalta_delta2	0.000345373062830472	0.000263043742604502	0.000497980412770431
rf_011_005_lag1	0.000345286095681097	0.00019285120627578	0.000608642726719416
rf_014_005_delta1	0.000343895207949806	0.00133325010109075	0.000553311569744923
mpayroll_sobre_edad	0.000343060804222043	0.000664059352209831	0.000857632933104631
mpayroll_lag2	0.000338680458305243	0.000390112803648517	0.00102362640402811
cprestamos_personales_delta1	0.000337418043099786	0.00127498107427662	0.000248990206385216
rf_011_013_lag1	0.000336920611195963	0.000257257432536912	0.000553311569744923
rf_002_010_delta2	0.000336302342957058	0.00113357890308927	0.0003596525203342
mpayroll_lag1	0.000336223461673107	0.000399971593533988	0.000636308305206662
rf_018_001	0.000336100022383659	0.000494071713360116	0.000414983677308693
rf_014_005_lag2	0.00033373436410732	0.000143951887232667	0.000248990206385216
mpayroll_sobre_edad_lag1	0.000332145927244221	0.000410461263296823	0.000774636197642893
entrenamiento_delta2	0.000329775063595169	0.000297369375977712	0.000497980412770431
rf_018_015_delta2	0.000327100318085954	0.000319970257039602	0.000221324627897969
rf_016_010_delta2	0.000319255202474377	0.000517493098765366	0.000248990206385216
rf_010_000_lag1	0.000311590352456252	0.00282372075499489	0.000442649255795939
rf_019_002	0.000301268778591737	4.00701251175008e-05	0.000165993470923477
ctarjeta_master_transacciones_delta1	0.000296663608424303	0.00130868520084493	0.000553311569744923
rf_017_015	0.00029124222076425	0.000346535707418445	0.000165993470923477
Visa_status_delta1	0.000279228067755976	0.00121884862731383	0.000331986941846954
rf_016_010_delta1	0.000277983061351018	0.00166532219635694	0.000525645991257677
mtarjeta_master_consumo_lag2	0.000276063929795965	0.000512357856731217	0.000553311569744923
rf_005_009_lag2	0.000272399442694544	8.37286949774498e-05	0.0003596525203342
rf_005_001	0.000269164663234576	0.000291339125690875	0.000553311569744923
rf_008_012_lag2	0.000265943613744111	0.000174976757087508	0.000248990206385216
rf_004_013_delta2	0.000264220587567667	0.000986704059259075	0.000497980412770431
rf_020_007_lag1	0.000261433999116998	9.2916228673405e-05	0.000497980412770431
rf_020_007_lag2	0.000259069721018789	0.000149901865565584	0.000387318098821446
entrenamiento_lag1	0.000258446218217612	0.000265225745807012	0.000442649255795939
rf_012_002_delta2	0.000258365546408922	0.000126339643738187	0.000110662313948985
Master_mconsumototal_delta1	0.00025684071125209	0.000350145061322543	0.000608642726719416
rf_004_011_lag2	0.000253860760825025	0.000137665199296631	0.000414983677308693
rf_016_010	0.000251375451529181	8.00941058782573e-05	0.0003596525203342
internet_delta2	0.000249832547889438	0.00151506655738965	0.00094062966856637
Master_cconsumos_delta2	0.000249195725983333	0.000945579102986621	0.00058097714823217
rf_003_011_lag1	0.000246961690699063	0.000609556137509383	0.000304321363359708
rf_004_002_delta2	0.000246146859630336	0.00151605818038927	0.000414983677308693
rf_009_006	0.000245563080937777	0.000145161253915676	0.000110662313948985
ctarjeta_master_delta2	0.000241004907830183	0.000900404498739467	0.000248990206385216
rf_015_014_delta1	0.000238541244896259	0.000680331486677194	0.000387318098821446
rf_007_003	0.000238428921156426	6.96224612547755e-05	0.000221324627897969
rf_011_012_delta2	0.000238425279561025	0.00227334427433977	0.000470314834283185
rf_012_007	0.000238328255449195	0.000158709669659164	0.000442649255795939
rf_017_015_lag2	0.000233134008799292	0.000235406637607309	0.0003596525203342
rf_007_011	0.000230783052088201	0.000690619995884846	0.000304321363359708
rf_004_011_delta2	0.000229138326949455	0.000385895642045427	0.000331986941846954
rf_002_010	0.000224671505264228	0.00023096091723722	0.000304321363359708
rf_007_004	0.000221029385557607	0.000160318713765432	0.000331986941846954
mtarjeta_master_consumo_lag1	0.000219174486825974	0.000634476012832869	0.000387318098821446
rf_006_004_lag2	0.000217563060535664	8.17230978054098e-05	0.000304321363359708
rf_005_009	0.00021731435542955	5.92815589754027e-05	0.000387318098821446
rf_018_010_lag1	0.000216343482382818	0.000645959468612047	0.000248990206385216
rf_001_008	0.00021574657485346	5.05105261661037e-05	0.000165993470923477
rf_013_006	0.000214592507847046	0.000180360025039159	0.000470314834283185
rf_016_002_delta2	0.000213947063779166	6.10038009568094e-05	5.53311569744923e-05
rf_002_013	0.000211695541253952	0.000180895251510355	0.000165993470923477
rf_013_006_lag1	0.000208963259153311	0.000157054000525769	0.000414983677308693
Master_cconsumos_delta1	0.000208405650693717	0.000723562740566875	0.000414983677308693
cliente_edad_delta2	0.000207333829215681	0.000205671166054205	0.000414983677308693
Master_cconsumos_lag1	0.000206511467974374	0.000236808993448993	0.000387318098821446
rf_008_011_lag2	0.000200637214589775	0.000147440592870694	0.000276655784872462
rf_016_000	0.000199920622216578	0.000884913213308888	0.000248990206385216
rf_005_010_delta2	0.00019982700226505	0.00075295116810363	0.000304321363359708
rf_002_003_lag1	0.0001993233251212	0.00016613266238003	0.000387318098821446
rf_007_014_delta1	0.000199257812742939	0.00155874026836666	0.000414983677308693
Visa_fechaalta_delta1	0.000196451842304941	3.97146693694544e-05	0.000165993470923477
rf_001_009_delta1	0.000196120378594293	0.00128377229524199	0.000248990206385216
rf_017_013	0.000195722669566945	0.000632752569175505	0.000276655784872462
rf_009_003_delta2	0.0001955810564676	0.000124323231482535	0.000110662313948985
rf_009_013	0.000194469569643052	7.69336981116514e-05	0.000110662313948985
rf_008_011_delta2	0.000192746406615028	0.000846661704584536	0.000442649255795939
rf_017_005	0.000191304400141975	8.52230991974312e-05	0.000387318098821446
rf_012_001_delta2	0.000191267927623386	0.000141281522921279	0.000331986941846954
Master_Fvencimiento_delta2	0.000190346870369916	0.000105019749246336	0.000304321363359708
rf_014_006_delta2	0.000189538079499227	0.0017175677022696	0.000442649255795939
rf_005_001_lag1	0.000188443657129139	9.70444662556855e-05	0.000276655784872462
rf_002_013_lag1	0.000188120301934933	0.000508849443607497	0.000276655784872462
rf_002_003_lag2	0.000186406757148698	0.000205799985716783	0.000304321363359708
rf_017_001_lag1	0.000186337714963546	0.000855112130248538	0.000165993470923477
rf_012_007_lag1	0.000184252033926464	0.000127224557912837	0.000331986941846954
rf_001_010	0.000182910537315281	0.00112020208667242	0.000276655784872462
rf_020_005_lag2	0.000181857346966867	0.000786753351430022	0.000304321363359708
rf_001_003	0.000181053701216243	0.000170404380071563	0.000248990206385216
rf_009_004	0.000180995808934102	6.97582506379034e-05	0.000304321363359708
rf_010_006_lag2	0.000179612831086776	0.000118618154709631	0.000248990206385216
rf_012_007_lag2	0.000179186422900134	0.000112872461289384	0.000331986941846954
rf_017_015_lag1	0.000179153510268681	0.000438964295988546	0.000276655784872462
rf_019_006_delta2	0.000178851133127645	0.00155891859707866	0.000331986941846954
rf_004_011	0.000178709393919774	2.2987340049624e-05	0.000138327892436231
rf_004_001_lag2	0.000178055040646401	0.000337821393714311	0.000276655784872462
rf_014_006	0.000177981825023542	0.000128578846716245	0.0003596525203342
rf_015_011_lag2	0.000177504302452432	0.000299300949910808	0.000276655784872462
rf_007_007_delta2	0.000175248521428444	0.0017393737948536	0.0003596525203342
rf_011_001	0.000174855741566084	0.000287323364978159	0.000331986941846954
entrenamiento	0.000173678392985687	0.000185310449311139	0.000248990206385216
rf_015_004	0.00017305585601568	0.000116503445360706	0.000248990206385216
rf_018_001_lag1	0.000171584192001175	0.000171580820833353	0.000165993470923477
rf_014_002	0.000171192446259522	0.000676168640827355	0.000193659049410723
rf_002_004	0.00017118127233584	0.0019479299445451	0.000414983677308693
rf_014_005_lag1	0.000170980827838482	9.29837628621819e-05	0.000304321363359708
rf_009_005_lag1	0.00017031250315706	0.000216835937369618	0.000276655784872462
rf_004_001_lag1	0.000169183332652856	0.000234114835953659	0.000221324627897969
internet_delta1	0.00016895124615598	0.000272076981107593	0.000304321363359708
rf_009_004_delta2	0.000168786503851982	0.000307501426975779	0.000331986941846954
rf_007_014_lag2	0.000167870284523701	0.000170473836941871	0.000331986941846954
rf_019_002_lag2	0.000167834981527469	0.000185516897240532	0.000304321363359708
rf_012_007_delta2	0.000167656642823017	8.51880102594902e-05	0.000165993470923477
rf_006_001_lag2	0.00016744573393566	0.000118873871353256	0.000221324627897969
rf_020_007_delta1	0.000167010339554192	0.000183523557163252	0.000221324627897969
rf_009_004_lag2	0.000166667371789607	4.47501722991827e-05	0.000248990206385216
rf_016_007_lag2	0.000166591048261396	0.00013436780047094	0.000387318098821446
rf_009_007_delta2	0.000166327951693438	0.00207382280516251	0.000331986941846954
rf_001_006_lag2	0.000166258227074848	7.16775674762392e-05	0.000221324627897969
rf_007_015	0.000165225707746149	0.000426356792519298	0.000331986941846954
rf_010_001_delta2	0.000164252239543016	0.000970570117526754	0.000331986941846954
rf_019_013_lag2	0.000163713719187147	9.26249424214562e-05	0.000276655784872462
Master_fechaalta_delta2	0.0001623619728283	6.17425913351019e-05	0.000276655784872462
rf_007_005_lag1	0.000159972231663387	0.00169725096686655	0.000304321363359708
cpayroll_trx_lag2	0.000159239766861557	0.000116990124123244	0.000221324627897969
rf_017_004_delta2	0.000158886917362236	0.00119100435338167	0.000221324627897969
cdescubierto_preacordado_lag1	0.000158879850357478	0.000373039151317913	0.000248990206385216
rf_006_001_lag1	0.000158486070865632	0.000135325055538194	0.000304321363359708
rf_002_003	0.000157901970049709	0.000124546022204941	0.000276655784872462
rf_014_012	0.000157734666688142	0.000208062501208405	0.000276655784872462
Master_Fvencimiento_delta1	0.000157671900612055	0.000467866044762764	0.000331986941846954
rf_016_008_lag1	0.000155911293848259	6.03387934822696e-05	0.000248990206385216
rf_019_013_lag1	0.00015447027528336	7.33265072242759e-05	0.000276655784872462
rf_016_010_lag1	0.000154069359188399	0.000222460501853411	0.000248990206385216
Visa_Fvencimiento_delta2	0.000153375110505143	0.000133916691316726	0.000248990206385216
rf_017_015_delta2	0.000153260558540065	0.000895956855687846	0.000304321363359708
rf_014_014_lag1	0.000152957476176749	7.18599818864942e-05	0.000193659049410723
rf_001_005_delta1	0.000152541744254748	0.0022187300247809	0.000414983677308693
rf_019_015_lag2	0.00015208521045047	0.000102608466271252	0.000138327892436231
rf_011_013	0.000151996293218848	5.27925088082271e-05	0.000304321363359708
rf_004_011_lag1	0.00015152097497812	6.21300116636014e-05	0.000331986941846954
rf_001_008_delta2	0.000151199531950734	0.000411724705397891	0.000248990206385216
rf_011_008_lag1	0.000151003331721268	0.000145867118372749	0.000248990206385216
rf_012_011_lag1	0.000150466251061985	0.000791562939279856	0.000193659049410723
rf_006_003_lag2	0.000149906869364851	5.83622768683862e-05	0.000138327892436231
rf_014_014_lag2	0.000149201352061034	4.66678067911788e-05	0.000276655784872462
rf_004_001	0.000147469696304351	0.000158065090675891	0.000165993470923477
rf_018_013	0.000146085208234289	0.000447356800871427	0.000276655784872462
rf_009_002_lag2	0.000144959367980628	0.000410566289775455	0.000248990206385216
rf_006_012	0.00014488531440588	0.00107757191109638	0.000248990206385216
cpayroll_trx_delta2	0.000144120989570744	0.000205291917122213	0.000165993470923477
rf_009_009_lag2	0.000143997473737746	0.000667742008347299	0.000110662313948985
rf_014_014_delta1	0.000143627374841156	0.000153151437688191	0.000193659049410723
rf_007_003_lag2	0.000142968029055008	0.000147840750964336	0.000248990206385216
rf_020_008_lag2	0.000142925984256956	6.6902347558772e-05	0.000193659049410723
rf_017_012	0.000141549509544522	0.00151800441476904	0.000304321363359708
rf_005_013_lag1	0.000141411907127435	0.000153527321927505	0.000221324627897969
rf_016_001_lag1	0.000140662699917521	0.000466472581323161	0.000304321363359708
rf_008_001_lag2	0.000140361634058788	9.52441153370814e-05	0.000276655784872462
rf_010_008	0.000140240944350188	0.000109340014646526	0.000193659049410723
Visa_Fvencimiento_delta1	0.000139676359306451	0.000220407077978287	0.000331986941846954
rf_011_005_delta2	0.000139105338153747	0.000127708112317887	0.000248990206385216
Master_fechaalta_delta1	0.000138882384771025	9.1400434621391e-05	0.000304321363359708
rf_003_009_lag1	0.000138593347701833	0.00153517251882986	0.000304321363359708
rf_018_006_lag2	0.000138063198598948	3.99021308187284e-05	0.000221324627897969
rf_019_003_lag1	0.000137866199167353	0.000240414261654838	0.000221324627897969
rf_007_014_lag1	0.000137595422759554	0.000109955513071643	0.000276655784872462
rf_019_005_lag1	0.000137501255567855	0.0005874678914107	0.000165993470923477
rf_016_004	0.000136827537937708	0.000773364998923991	0.000193659049410723
rf_007_011_delta2	0.000136561640189897	0.000207277326138177	8.29967354617385e-05
cdescubierto_preacordado_lag2	0.00013536814910229	0.00025814210637637	0.000248990206385216
rf_004_014	0.000134852119174107	0.000472510282000931	0.000165993470923477
rf_013_006_lag2	0.00013448027917821	0.00014192057419515	0.000248990206385216
rf_015_004_lag2	0.000134427460801002	8.35097496181055e-05	0.000221324627897969
rf_011_004_lag1	0.000133921234386392	0.000272522322217214	0.000221324627897969
rf_013_011_lag2	0.000131325274832183	0.00100949768914445	0.000193659049410723
rf_002_011	0.000130785102897243	0.000160733291970557	0.000165993470923477
rf_006_003	0.000130739214175825	0.000253229655064627	0.000221324627897969
cprestamos_personales_lag1	0.000130659253055658	0.00130592999821098	0.000304321363359708
rf_006_004_lag1	0.000130625486150578	6.82092903294795e-05	0.000221324627897969
Master_status	0.000129479394930996	0.00127735150026917	0.000276655784872462
rf_003_010_delta2	0.000129144843024266	0.00226248376737664	0.0003596525203342
rf_019_001	0.000127910239325439	0.00108138242555566	0.000248990206385216
rf_019_000_lag2	0.000126354382857082	0.000661490409349204	0.000165993470923477
rf_004_013	0.00012512198444068	0.000278812134510738	0.000193659049410723
rf_013_006_delta2	0.000124497996991658	8.59976995192389e-05	0.000248990206385216
rf_017_007_lag2	0.000124247227339618	0.000113611732338059	0.000248990206385216
rf_009_013_delta2	0.000123213237822636	0.000649125644423246	0.000304321363359708
rf_004_013_lag1	0.000121985235805045	7.56233906482647e-05	0.000165993470923477
rf_003_008_delta1	0.000121311635814598	0.00271056686119641	0.0003596525203342
rf_003_014	0.000120930467791241	0.000380130481474679	0.000248990206385216
rf_003_014_lag2	0.000120507546913379	0.000402118748133749	0.000248990206385216
rf_003_011_lag2	0.000119855689942105	9.82838748376161e-05	0.000165993470923477
rf_010_008_lag2	0.000119676270923346	0.000262069664073851	0.000221324627897969
rf_014_015_lag2	0.00011933579145397	0.000588126409835073	0.000276655784872462
rf_013_004	0.000118884810120312	0.000235728446428563	0.000138327892436231
rf_020_011	0.000118477498675525	0.000347038728973997	0.000110662313948985
rf_014_008	0.000118202447512059	0.00107655721591838	0.000248990206385216
ctarjeta_visa_delta2	0.000118083753318223	0.000582013484242402	0.000193659049410723
rf_010_001_lag2	0.000118048199077532	0.000179255204164399	0.000221324627897969
rf_019_002_delta1	0.000117764449659342	0.000400902411730191	0.000248990206385216
rf_005_010_lag2	0.000117044069103055	7.46067727887405e-05	0.000221324627897969
rf_019_006	0.000116562352396252	0.000792849934229679	0.000248990206385216
rf_010_013_lag1	0.000115224343093848	0.000315204169859408	0.000165993470923477
rf_003_009	0.000114945391650825	0.00018242522533866	8.29967354617385e-05
rf_004_009_lag1	0.000114665297070202	0.000134342805611037	0.000221324627897969
ctarjeta_master_transacciones_delta2	0.000114631120139187	0.000349479092507238	0.000331986941846954
rf_015_012_lag2	0.000113915188777146	0.000966290468773906	0.000276655784872462
rf_012_003	0.000113526380948401	6.3481656779905e-05	0.000110662313948985
rf_010_008_delta2	0.000113032454349465	0.000387799577431515	0.000221324627897969
rf_014_014_delta2	0.000112993142372409	0.000152153085303212	0.000221324627897969
rf_005_009_lag1	0.000112519661052797	3.60745525608603e-05	0.000248990206385216
rf_003_014_lag1	0.000112392469749092	0.000200930073733914	0.000221324627897969
rf_003_007_lag2	0.000112106686580709	0.000302683908064629	0.000165993470923477
rf_012_014_lag2	0.000111677954548071	0.000323343121115385	0.000221324627897969
rf_020_003	0.000111380383389094	0.000136948039085562	0.000193659049410723
rf_011_004	0.000111299242792361	0.000220906494505968	0.000221324627897969
rf_018_001_lag2	0.00011084657693212	8.6765570455688e-05	0.000193659049410723
rf_003_007_delta2	0.000110734538360773	0.000189969106660789	0.000193659049410723
rf_007_012_delta1	0.00011073242515759	0.000427956703888294	0.000276655784872462
rf_002_011_delta1	0.000110478613503066	0.00149239165308882	0.000304321363359708
rf_019_006_lag1	0.000110367392866381	0.00138470298154224	0.000248990206385216
rf_020_008_lag1	0.000110277344911899	0.000106176482522433	0.000221324627897969
rf_017_008_delta1	0.000109635403550665	0.000213822855075326	0.000138327892436231
rf_011_005_delta1	0.000109517741678512	0.000487534115484282	0.000276655784872462
rf_018_015_lag1	0.000109433986524066	9.09630245730851e-05	0.000221324627897969
rf_016_012	0.000109332250357164	5.81918792177e-05	0.000193659049410723
rf_008_001_lag1	0.000109133988661346	0.000106484592237778	0.000221324627897969
rf_020_015_delta2	0.000108937715753951	0.00114728041234966	0.000193659049410723
rf_011_003_lag1	0.000108936042929746	2.30738607185196e-05	5.53311569744923e-05
rf_012_014_lag1	0.000108822539097433	0.000673305047022099	0.000248990206385216
rf_002_010_lag2	0.000108383048575548	0.000335793685704664	0.000193659049410723
rf_005_004_delta2	0.000108341114950091	0.000321927546838176	0.000221324627897969
rf_004_014_delta2	0.00010799667391765	0.00081518909026816	0.000276655784872462
rf_013_012_lag2	0.000107492675882265	0.000131889944647845	0.000221324627897969
rf_019_003_delta2	0.000106765517801108	0.000668950413689542	0.000221324627897969
rf_004_001_delta2	0.000106383246674603	0.000894688126212568	0.000221324627897969
rf_019_014	0.000105894955078851	0.000949556410068717	0.000193659049410723
rf_002_009_delta2	0.000105735626580244	0.000267380110462515	0.000221324627897969
rf_004_009_delta2	0.000105582621292461	0.000478354512849642	0.000221324627897969
rf_008_014_delta2	0.000105312574512561	0.000550142394178723	0.000138327892436231
rf_009_014_lag2	0.000104959163299075	0.000510745447932269	0.000193659049410723
rf_016_015_delta2	0.000104941519807849	0.00147802850104656	0.000221324627897969
rf_010_004	0.000104853733184025	0.000703436831305784	0.000165993470923477
rf_018_014	0.000104455065467842	0.000448158078399477	0.000304321363359708
rf_005_001_lag2	0.000104427552577848	4.30440327755983e-05	0.000221324627897969
rf_010_004_lag1	0.000104421446091995	0.00114595159907654	0.000276655784872462
rf_017_006_delta1	0.000104399402198513	0.000912228269149635	0.000248990206385216
rf_019_013_delta2	0.000104240283110889	0.000144873332356406	0.000165993470923477
rf_001_005_lag2	0.000104202715396469	0.00045053931947564	0.000138327892436231
rf_007_006_delta2	0.000104155560970434	0.000422408085324976	0.000110662313948985
rf_015_004_lag1	0.000104151716431154	6.4979666027757e-05	0.000193659049410723
rf_019_002_lag1	0.000104073299409028	0.000109570015424674	0.000165993470923477
rf_014_003_delta1	0.000103792649273385	0.000516071035437989	0.000110662313948985
rf_013_009_delta2	0.00010369829022427	0.0015117569014692	0.000248990206385216
rf_001_008_lag1	0.000102959996714097	0.000168331248710746	0.000165993470923477
rf_019_015_lag1	0.000102898146564378	3.91311355247914e-05	5.53311569744923e-05
rf_017_003_lag1	0.000102554570276113	0.0010931816817763	0.000248990206385216
rf_018_015_lag2	0.000102468924263674	8.50238613237798e-05	0.000221324627897969
rf_011_014_delta2	0.000102413651466564	0.00255453596758033	0.0003596525203342
rf_010_006_delta2	0.000102008258903886	6.81453611685732e-05	0.000165993470923477
rf_001_001_lag2	0.000101543099214856	0.000329374092407797	0.000193659049410723
rf_007_003_delta1	0.000101344333700849	0.000663191021163386	0.000248990206385216
rf_018_006_delta2	0.000101335940015922	0.000255676267312844	0.000221324627897969
rf_009_006_delta2	0.000100782674351319	0.000548709996438117	0.000138327892436231
rf_011_008	0.000100764808514903	0.000270930101574342	0.000165993470923477
rf_017_004	0.000100662814895674	0.000174869086921771	0.000138327892436231
rf_006_013	0.000100559742193969	0.000720916890445007	0.000248990206385216
rf_014_006_lag2	0.000100352209750755	3.95375423334097e-05	0.000138327892436231
rf_004_000	0.000100005106735171	5.14581678257027e-05	0.000110662313948985
rf_002_006_delta1	9.97710480795681e-05	0.00195957923160632	0.000304321363359708
rf_012_013	9.94732785960717e-05	0.000676894693440504	0.000193659049410723
rf_007_007_lag2	9.93626239849558e-05	0.000134202449859273	0.000110662313948985
rf_012_001_delta1	9.87515941484591e-05	0.00040976068621396	0.000221324627897969
rf_015_001	9.86234241563664e-05	1.53504490084324e-05	0.000110662313948985
rf_004_005_delta2	9.84697337405176e-05	0.00135103995229166	0.000276655784872462
rf_001_008_lag2	9.82604373177292e-05	9.55632804712299e-05	0.000193659049410723
rf_006_007_lag2	9.80469175681471e-05	0.00146378984263344	0.000248990206385216
rf_013_006_delta1	9.76757914173358e-05	0.000262950011879865	0.000248990206385216
rf_014_003_delta2	9.76670959342276e-05	0.000982562603241269	0.000193659049410723
rf_006_004_delta1	9.73986809432185e-05	0.000577395683875287	0.000248990206385216
rf_010_000_delta1	9.7223989069442e-05	0.000545057862869954	0.000110662313948985
rf_004_007_delta2	9.71782761916585e-05	0.00202907647822639	0.000331986941846954
rf_008_002	9.68446170532211e-05	8.0042914482494e-05	0.000138327892436231
rf_008_000	9.67770875544631e-05	0.000584765562518859	0.000193659049410723
entrenamiento_lag2	9.66127356559254e-05	4.7417892923466e-05	0.000193659049410723
rf_006_010_lag1	9.66002208860376e-05	0.000105364870581153	0.000165993470923477
rf_010_008_lag1	9.65664576764453e-05	7.1172382903965e-05	0.000165993470923477
rf_007_005_delta2	9.62299650226347e-05	0.000223829931773877	8.29967354617385e-05
rf_002_013_delta1	9.54216805107819e-05	7.92844166185086e-05	0.000165993470923477
rf_010_013_lag2	9.5172339780743e-05	0.000239306556757782	0.000221324627897969
rf_017_012_delta2	9.50162845605739e-05	0.000521915506621892	0.000138327892436231
rf_006_010	9.47845057130684e-05	5.0575176332584e-05	0.000165993470923477
rf_007_014_delta2	9.46013899745468e-05	0.000272427870487003	0.000193659049410723
rf_007_007_lag1	9.4491867414568e-05	0.000188232204232708	0.000138327892436231
rf_013_002	9.44729883985436e-05	0.000110349422450309	0.000165993470923477
rf_005_015_lag2	9.44615422405833e-05	0.000632191867174023	0.000193659049410723
rf_017_009	9.44111591899235e-05	0.00100212204245628	0.000221324627897969
rf_019_002_delta2	9.42170050289437e-05	0.000194203572397658	0.000165993470923477
rf_010_014_delta2	9.41223278599095e-05	0.00100146472570787	0.000248990206385216
rf_017_005_lag1	9.40715093575881e-05	2.4415171421594e-05	0.000138327892436231
rf_008_012_lag1	9.35616318009003e-05	9.52544497503106e-05	0.000138327892436231
rf_007_003_lag1	9.32189338069342e-05	0.00010445327920026	0.000193659049410723
rf_012_015_lag2	9.31714677280834e-05	0.00130031240344774	0.000221324627897969
rf_015_009_lag2	9.27902686010366e-05	0.000828433241659365	0.000193659049410723
rf_008_012	9.27483950021095e-05	3.20929194453196e-05	0.000165993470923477
rf_017_008_lag2	9.23826886174598e-05	0.000144247018847678	0.000138327892436231
rf_004_004_lag1	9.21748334349655e-05	0.000640819179538879	0.000165993470923477
rf_014_004_delta2	9.2101473842056e-05	0.000327767932323825	0.000276655784872462
rf_006_013_lag2	9.19369918315473e-05	0.000856933149993601	0.000193659049410723
rf_019_000_delta2	9.19025449566872e-05	0.00149324940938684	0.000221324627897969
rf_010_004_delta2	9.1199367512647e-05	0.00156008037739378	0.000276655784872462
rf_011_009_lag1	9.10571386526248e-05	0.000725264073386631	0.000221324627897969
rf_014_012_lag1	9.07433011875923e-05	5.43111868825376e-05	0.000138327892436231
rf_006_001_delta2	9.07205160408219e-05	0.000305878203093219	0.000165993470923477
rf_011_002	9.05757126575392e-05	0.000367144209743821	0.000165993470923477
rf_002_014_lag2	9.04143633429477e-05	0.000254818511014819	0.000165993470923477
rf_002_003_delta2	9.0278450687719e-05	0.00033426202953002	0.000221324627897969
rf_010_014	8.96616959244983e-05	0.00030209580785133	0.000138327892436231
rf_010_002_lag1	8.94640064133952e-05	0.00014451619426202	0.000110662313948985
rf_007_015_delta1	8.94350116150668e-05	0.000321977776893173	0.000165993470923477
rf_017_007_delta2	8.90465567054193e-05	0.000444125494223365	0.000248990206385216
rf_020_004_lag1	8.88378250763701e-05	0.000300684799942756	0.000110662313948985
rf_014_005_delta2	8.79479515819152e-05	0.000248111957499448	0.000193659049410723
cliente_edad_delta1	8.74747505111409e-05	0.00014260144379232	0.000193659049410723
rf_020_008_delta2	8.74429243531405e-05	0.000829191499188159	0.000221324627897969
rf_011_002_lag1	8.72882869685087e-05	0.000374461695315673	0.000193659049410723
rf_015_009_lag1	8.70333914581693e-05	0.00109615126340096	0.000221324627897969
rf_019_014_lag1	8.67035134198029e-05	0.000247634411474182	0.000193659049410723
rf_014_014	8.62852080376553e-05	3.29574051287022e-05	0.000193659049410723
rf_005_004_delta1	8.61482421831018e-05	0.000572421226084168	0.000193659049410723
rf_018_005_delta1	8.58864920045813e-05	0.00142672679143045	0.000248990206385216
rf_007_010_delta1	8.5833046010339e-05	0.0010785801172242	0.000165993470923477
rf_005_013	8.55941819885924e-05	7.97987339280551e-05	0.000110662313948985
rf_007_000_delta1	8.48740952235965e-05	0.000397168083526577	8.29967354617385e-05
rf_008_007_delta2	8.4764089170613e-05	0.00148025592760024	0.000248990206385216
rf_006_012_delta2	8.43549977324712e-05	0.0014024748076038	0.000248990206385216
rf_014_006_lag1	8.37767989187356e-05	3.93688270290631e-05	0.000110662313948985
rf_017_005_lag2	8.36590883893248e-05	5.20037287101282e-05	0.000165993470923477
rf_004_009_lag2	8.35611653500554e-05	1.98312583164628e-05	0.000110662313948985
rf_017_003_lag2	8.32084864590949e-05	0.00081433734234992	0.000193659049410723
rf_015_003	8.31658035734597e-05	0.000209352620515716	0.000193659049410723
rf_001_009_lag2	8.31451852144478e-05	0.00075073792132624	0.000221324627897969
rf_015_015_delta1	8.30962061412454e-05	0.00132131962185561	0.000221324627897969
rf_004_002_lag1	8.28015793622793e-05	0.000364886741291218	0.000165993470923477
rf_015_005_delta2	8.27002164396583e-05	0.000911064085482605	0.000193659049410723
rf_001_004_delta2	8.23435371830094e-05	0.000747511181046815	0.000193659049410723
rf_015_004_delta2	8.22656030379739e-05	0.000273199106116131	0.000165993470923477
rf_007_015_lag1	8.22260902650712e-05	0.000149954498972496	0.000165993470923477
rf_014_012_lag2	8.18257161750079e-05	0.00046856710251601	0.000165993470923477
rf_001_015_lag1	8.15464758680115e-05	0.00123745009045601	0.000248990206385216
rf_020_009_lag2	8.14306186257995e-05	0.000456094667424316	0.000165993470923477
rf_014_001_delta1	8.1188898915752e-05	0.00173720212606432	0.000248990206385216
rf_011_013_delta1	8.09442098811498e-05	5.52869477595277e-05	5.53311569744923e-05
rf_014_002_lag2	8.07960897974465e-05	3.25358572030272e-05	5.53311569744923e-05
rf_008_006	8.06669577466617e-05	0.000381426368826583	0.000165993470923477
rf_016_011	8.03188316968356e-05	0.000180990664581331	8.29967354617385e-05
rf_015_001_lag1	8.01289101013693e-05	2.77683280116841e-05	0.000138327892436231
rf_011_013_lag2	8.00475822571666e-05	4.68680060055957e-05	0.000276655784872462
rf_001_003_delta1	7.99321450781644e-05	0.000460754766785114	0.000165993470923477
rf_019_007_delta1	7.99182500435334e-05	0.00148478432327617	0.000248990206385216
rf_017_009_delta2	7.97451620115202e-05	0.00042443002529003	0.000165993470923477
rf_017_001_delta1	7.94182342043542e-05	0.00188533536495656	0.000276655784872462
rf_008_002_delta1	7.91383758270008e-05	0.000447064793613904	0.000138327892436231
rf_014_004	7.86594235592988e-05	0.000105279551588214	0.000165993470923477
rf_005_012	7.86367404402346e-05	0.00146153525820313	0.000193659049410723
rf_003_011	7.86232746981186e-05	0.000298989715837975	0.000165993470923477
rf_004_014_lag2	7.82712979498654e-05	0.000931731229594677	0.000193659049410723
rf_005_013_delta2	7.7979874235066e-05	0.000582016127929507	0.000193659049410723
rf_007_010_delta2	7.78163833852168e-05	0.000240539956959928	0.000165993470923477
rf_013_012_lag1	7.77682354888422e-05	5.08039754347748e-05	0.000138327892436231
rf_018_001_delta2	7.76980686435288e-05	0.000130635154613666	0.000165993470923477
rf_006_002	7.73138044171982e-05	6.81456015037646e-05	8.29967354617385e-05
rf_013_013	7.66772381431645e-05	0.00088965622831071	0.000193659049410723
rf_016_007_lag1	7.66068307627994e-05	9.93771596231895e-05	0.000304321363359708
rf_004_013_delta1	7.62682092203603e-05	0.00015719219326081	0.000138327892436231
rf_007_013	7.61799363319153e-05	9.6621956989245e-06	2.76655784872462e-05
rf_010_006_delta1	7.5791436460498e-05	0.00022979144619598	0.000138327892436231
rf_020_007_delta2	7.56122336277837e-05	3.86055224612502e-05	0.000138327892436231
rf_013_015_lag1	7.55421871937855e-05	0.00163015274612681	0.000248990206385216
rf_010_008_delta1	7.55240716039767e-05	0.000391458200049845	0.000165993470923477
rf_002_013_lag2	7.53559792557353e-05	0.000331126616623317	0.000138327892436231
rf_019_003_delta1	7.53417935093868e-05	0.000730687957985625	0.000138327892436231
rf_020_010_delta2	7.51435841663144e-05	0.00109657809870084	0.000193659049410723
rf_008_004_delta2	7.50731592527604e-05	0.00087576533491951	0.000138327892436231
rf_010_013_delta2	7.44422310614842e-05	0.000510379417435802	0.000138327892436231
rf_008_011_delta1	7.43262223042669e-05	0.000814969423903241	0.000165993470923477
rf_012_001_lag1	7.4305446925109e-05	4.15176639751638e-05	0.000110662313948985
rf_011_012	7.39234923406459e-05	0.000509262099131091	0.000110662313948985
rf_015_007	7.37772181531655e-05	0.000225986699781293	0.000165993470923477
rf_001_013_delta2	7.37003575473748e-05	0.00122046271845911	0.000165993470923477
cpayroll_trx_delta1	7.3659959705112e-05	2.14826014164133e-05	0.000110662313948985
rf_003_004_lag1	7.33716204909079e-05	2.20637319091626e-05	8.29967354617385e-05
rf_009_004_lag1	7.33590250362002e-05	1.30160732945888e-05	0.000110662313948985
rf_004_015_delta2	7.31532571884739e-05	0.000901760710224407	0.000165993470923477
rf_016_008_delta2	7.28497264392887e-05	0.000278991664898697	0.000138327892436231
rf_012_012_lag1	7.28416093000422e-05	0.000142153699330785	0.000138327892436231
rf_017_010_delta2	7.28094955098976e-05	0.000820622588274808	0.000165993470923477
rf_006_003_delta1	7.26996822382013e-05	0.000455885335472627	0.000138327892436231
rf_020_008_delta1	7.26359122825013e-05	0.000405319291877315	0.000165993470923477
rf_002_001_delta2	7.25814229288323e-05	0.000398570920038644	8.29967354617385e-05
rf_003_011_delta2	7.25072501745987e-05	0.000247985060518401	0.000138327892436231
rf_002_008_delta2	7.23778474293227e-05	0.00146751840279246	0.000221324627897969
rf_009_002	7.21676336016548e-05	6.0889401405714e-05	0.000110662313948985
rf_013_008	7.20067123477489e-05	0.000277874106258794	0.000138327892436231
rf_007_006_lag1	7.17546535863347e-05	0.000690705555212976	0.000165993470923477
rf_019_013_delta1	7.17443142270106e-05	0.000182511746007556	0.000138327892436231
rf_009_009_delta2	7.16316397237816e-05	0.000684195115213768	0.000110662313948985
rf_002_009_lag2	7.16261466889253e-05	0.000143816818855113	0.000138327892436231
rf_019_004	7.15425707656442e-05	0.00163438192448947	0.000248990206385216
rf_002_011_lag1	7.12520573727058e-05	0.000258679495864289	0.000165993470923477
rf_012_000_delta2	7.12391989224402e-05	0.00126842665293739	0.000221324627897969
rf_015_015_delta2	7.07614256092198e-05	0.000754051422609753	0.000193659049410723
rf_012_002_lag2	7.05603106887594e-05	5.49031324588988e-05	5.53311569744923e-05
rf_010_003_delta2	7.0505086240949e-05	0.00192503489320896	0.000276655784872462
rf_010_006	7.0486878517783e-05	2.85398039760039e-05	0.000165993470923477
rf_013_012_delta1	7.04224745320612e-05	0.000473087567130618	0.000193659049410723
rf_002_011_lag2	7.00571244288904e-05	0.000192170096343418	0.000138327892436231
rf_007_004_lag2	7.00158253928142e-05	4.69696677915482e-05	0.000193659049410723
rf_003_014_delta2	6.99518097978388e-05	0.000223761676579526	0.000110662313948985
rf_007_010	6.99067433224863e-05	3.97113046767752e-05	8.29967354617385e-05
Master_status_delta2	6.98522759877663e-05	0.000513750358830054	0.000110662313948985
rf_017_007	6.92587299666204e-05	6.92311955632139e-05	0.000193659049410723
rf_003_007	6.92195599502235e-05	0.00018262422287712	0.000193659049410723
rf_016_008	6.91656748088318e-05	3.23291689384431e-05	0.000110662313948985
rf_013_012_delta2	6.8411038927143e-05	6.02248746015569e-05	0.000138327892436231
rf_008_012_delta2	6.81879377012206e-05	0.000765034019850103	0.000193659049410723
rf_007_007_delta1	6.81408969114395e-05	0.00046038753461269	0.000110662313948985
rf_016_001	6.8055202241743e-05	9.7885879760696e-05	0.000110662313948985
rf_014_000_delta1	6.77009225885924e-05	0.000296673365263485	0.000165993470923477
rf_001_006_delta2	6.7560980927644e-05	0.000326328084192286	0.000193659049410723
rf_006_000	6.74907879059577e-05	0.00045173162236006	0.000138327892436231
rf_008_002_lag2	6.72230849122905e-05	2.07627975182396e-05	0.000138327892436231
rf_003_010_lag1	6.72055313446051e-05	0.000356016690383072	0.000110662313948985
rf_012_011_delta2	6.71492743158744e-05	0.000873198074405222	0.000165993470923477
rf_010_014_lag2	6.70526754931147e-05	0.000332476819728472	0.000138327892436231
rf_006_004_delta2	6.69420683074272e-05	0.000205673809741311	0.000165993470923477
rf_017_001_lag2	6.69274692823448e-05	0.000909915763938207	0.000165993470923477
rf_016_003	6.68932145728573e-05	0.000148512728159426	8.29967354617385e-05
rf_019_004_lag1	6.68191317421634e-05	0.000746688994357114	0.000165993470923477
rf_016_008_delta1	6.63372689865976e-05	0.000632792464817274	0.000193659049410723
rf_018_015	6.62477963733928e-05	5.28792698123141e-05	0.000110662313948985
rf_005_007_delta2	6.61840941683049e-05	0.000249857752329609	8.29967354617385e-05
rf_015_008	6.58356629327669e-05	0.000627038359665329	0.000138327892436231
rf_003_001_delta2	6.54207049075303e-05	0.000975131919794279	0.000165993470923477
rf_007_005_lag2	6.52588277540789e-05	0.000438729007836189	0.000138327892436231
rf_001_006_lag1	6.52559619031863e-05	1.67218016104288e-05	0.000110662313948985
rf_006_001_delta1	6.51786258112813e-05	0.000150977125211805	0.000138327892436231
rf_004_015	6.51589836769986e-05	0.00188919827248756	0.000248990206385216
rf_010_001	6.50242825258976e-05	0.00011313010061454	0.000138327892436231
rf_017_006_lag2	6.49880531940241e-05	0.00052646913749291	0.000165993470923477
rf_003_009_delta2	6.48849718695138e-05	0.000393149679126756	0.000110662313948985
rf_020_010_lag2	6.46885037171729e-05	0.000234673855608801	0.000138327892436231
rf_016_004_delta2	6.46602985214329e-05	0.000755292032867641	0.000110662313948985
rf_020_012	6.44807169012054e-05	0.000683075153221952	0.000138327892436231
rf_019_008_delta1	6.44429702635778e-05	0.00165645815382858	0.000248990206385216
rf_019_014_lag2	6.44207372842961e-05	7.53109548994748e-05	8.29967354617385e-05
rf_019_015	6.44044303278737e-05	8.6382956831016e-05	0.000110662313948985
rf_012_000_delta1	6.43956541599456e-05	0.000829366463207482	0.000165993470923477
rf_001_008_delta1	6.43904841723262e-05	0.000427190274962993	0.000138327892436231
rf_018_006_lag1	6.39739164541371e-05	0.000127283199699533	0.000165993470923477
rf_005_015	6.3899757250026e-05	3.20220205638634e-05	8.29967354617385e-05
rf_005_013_lag2	6.38831909935334e-05	0.000209429527776957	0.000110662313948985
rf_019_003	6.37246539452595e-05	0.000330775006238333	0.000165993470923477
rf_013_011_delta2	6.37209107239399e-05	0.000939819950795657	0.000165993470923477
rf_005_013_delta1	6.37147999266841e-05	0.000337845186898257	0.000110662313948985
rf_007_006	6.36050944400525e-05	0.00091708520303217	0.000165993470923477
rf_010_010_lag1	6.35648903029489e-05	0.000507063753135567	0.000138327892436231
rf_005_004_lag2	6.34871055172174e-05	8.99627495065746e-05	0.000138327892436231
rf_019_010_lag1	6.3453362016894e-05	3.30078755188914e-05	8.29967354617385e-05
rf_012_002_delta1	6.32413699635354e-05	0.000231157271088575	0.000193659049410723
cpayroll_trx_lag1	6.31597542687256e-05	1.52134579493476e-05	0.000110662313948985
rf_018_010_delta2	6.30978800983356e-05	0.00119717712243699	0.000221324627897969
rf_004_009_delta1	6.3059891098291e-05	0.000446815806355638	0.000165993470923477
rf_017_009_delta1	6.30036925814527e-05	0.000543673772502815	0.000138327892436231
rf_013_005_lag2	6.29990439655893e-05	0.000760872375676221	0.000165993470923477
rf_015_003_lag1	6.29895120703788e-05	0.000372010276363628	0.000138327892436231
rf_009_013_lag1	6.2883724724829e-05	6.05332246520935e-05	8.29967354617385e-05
rf_016_014_lag2	6.27324560854061e-05	0.000369872014165948	0.000138327892436231
rf_014_000	6.26277887806576e-05	7.05705835847573e-05	8.29967354617385e-05
rf_017_000_delta2	6.20907678650962e-05	0.0019782006425694	0.000276655784872462
rf_012_003_lag2	6.20371635807873e-05	0.000229920746528941	0.000110662313948985
rf_016_012_delta2	6.20180246487783e-05	3.34630703713592e-05	8.29967354617385e-05
rf_011_001_lag2	6.19596334757659e-05	0.000306824162406479	0.000110662313948985
rf_003_013_lag1	6.1824365067267e-05	0.000510287128722313	0.000165993470923477
rf_017_009_lag1	6.18111881891245e-05	0.000587193428622148	0.000138327892436231
rf_020_015	6.17406407085539e-05	0.000383157022539688	0.000110662313948985
rf_012_012_delta2	6.17170320838889e-05	0.00112163063904997	0.000193659049410723
rf_007_005_delta1	6.16960016779724e-05	1.38807993131628e-05	0.000110662313948985
rf_018_010	6.15228723796773e-05	0.000296917545817924	8.29967354617385e-05
rf_010_005_delta2	6.12556122286475e-05	0.00143171230464037	0.000221324627897969
rf_015_011_lag1	6.10184234947642e-05	7.83687395393627e-05	8.29967354617385e-05
rf_011_001_delta1	6.0879022298926e-05	0.00117388431635913	0.000193659049410723
rf_002_004_delta2	6.0865128188167e-05	0.000880200240205987	0.000165993470923477
rf_009_009	6.06851595425678e-05	0.000180921928716598	0.000110662313948985
rf_001_003_lag1	6.03914359254548e-05	8.8596443943597e-05	0.000110662313948985
rf_017_005_delta1	6.03483157404141e-05	0.000214071121328019	0.000110662313948985
rf_006_008	6.03329499015855e-05	0.000156401730816372	0.000110662313948985
rf_001_009	6.0266528433293e-05	0.000644633539361221	0.000138327892436231
rf_010_014_lag1	6.02606753963205e-05	0.000166941390299013	0.000138327892436231
rf_005_004	6.01836312479624e-05	2.71040415427184e-05	8.29967354617385e-05
rf_001_015_lag2	6.00563543321203e-05	0.000589860668576048	0.000165993470923477
rf_004_005_delta1	5.99783130179347e-05	0.000639693449502469	0.000138327892436231
rf_003_014_delta1	5.99146323698597e-05	0.00016581662160337	0.000110662313948985
rf_020_003_delta2	5.96422293314554e-05	0.0001956962942713	0.000138327892436231
rf_014_015_lag1	5.95835314329445e-05	0.000127256762828481	0.000110662313948985
rf_018_003_lag1	5.95313542228928e-05	2.4398588293389e-05	8.29967354617385e-05
rf_015_006_lag2	5.94301101718003e-05	0.00119634580301002	0.000193659049410723
rf_020_005	5.93488445443924e-05	0.000114756208519396	0.000110662313948985
rf_009_012_delta2	5.9302098469774e-05	0.000546195128995549	0.000110662313948985
rf_014_001_lag1	5.89949356718646e-05	0.000625330297460213	0.000165993470923477
rf_015_015_lag1	5.89680312878773e-05	5.49031324588988e-05	8.29967354617385e-05
rf_017_011	5.8943829537399e-05	0.00070703897515414	0.000138327892436231
rf_009_011_delta2	5.88903995569377e-05	0.000887200483325221	0.000165993470923477
rf_009_007	5.88891849732368e-05	0.000754298967856872	0.000138327892436231
rf_002_012_lag1	5.88833411749841e-05	0.0002192835109586	0.000110662313948985
rf_011_009_lag2	5.85477914865113e-05	0.000731171272055484	0.000138327892436231
rf_008_008_lag1	5.84779806398689e-05	0.000962586422804406	0.000138327892436231
rf_002_010_delta1	5.84614525700851e-05	0.00045261653653471	0.000110662313948985
rf_004_013_lag2	5.83597010053163e-05	6.50599379816769e-05	0.000110662313948985
rf_013_005_lag1	5.83485689638304e-05	6.63911546067134e-05	8.29967354617385e-05
rf_012_001	5.81455111405889e-05	3.90842701624729e-05	0.000138327892436231
rf_019_005	5.81445681752511e-05	4.78379988379928e-05	5.53311569744923e-05
rf_019_003_lag2	5.80204853928132e-05	7.35805415215612e-05	0.000138327892436231
rf_015_014_lag2	5.79253887858985e-05	0.000122753842682844	0.000138327892436231
rf_011_004_delta2	5.79117795356677e-05	0.000154728517214006	0.000110662313948985
rf_010_003	5.78045087596698e-05	0.000178325827979345	8.29967354617385e-05
rf_006_012_lag2	5.78011292359543e-05	0.000490848818443752	0.000110662313948985
rf_011_011_lag1	5.77899442258081e-05	0.000433254412511815	0.000138327892436231
rf_008_001_delta2	5.76725336468346e-05	8.47073398767364e-05	8.29967354617385e-05
rf_004_001_delta1	5.76400435328354e-05	0.000725225619756011	0.000165993470923477
rf_019_005_delta2	5.76251531801209e-05	0.00100024117924857	0.000165993470923477
rf_016_006	5.76043075486011e-05	0.000409386243985795	0.000110662313948985
rf_011_009_delta2	5.74261413002522e-05	0.00064166419807176	0.000138327892436231
rf_013_001_lag2	5.72494199876854e-05	0.000250647253433282	8.29967354617385e-05
rf_017_004_delta1	5.70558084475173e-05	0.000844284308871436	0.000138327892436231
rf_010_007_lag2	5.6816126491108e-05	4.40541615849553e-05	5.53311569744923e-05
rf_009_015_lag2	5.65857473096574e-05	0.000896653347072457	0.000165993470923477
rf_005_015_delta2	5.63850016300331e-05	0.000503075630969859	0.000138327892436231
rf_001_010_delta2	5.63757752284917e-05	0.000224899423375504	5.53311569744923e-05
rf_008_015_delta2	5.62816240505735e-05	0.00135074818536933	0.000193659049410723
rf_006_008_delta2	5.61161117688245e-05	0.000643285018602405	0.000138327892436231
rf_018_013_lag1	5.60708697577952e-05	6.3303087732712e-05	8.29967354617385e-05
rf_019_008_lag2	5.60624114018294e-05	0.000466229121774296	0.000110662313948985
rf_007_006_lag2	5.60148794201104e-05	0.000468709380949305	0.000138327892436231
rf_009_005_lag2	5.5935168977208e-05	4.51190868179462e-05	8.29967354617385e-05
rf_016_008_lag2	5.58057246576928e-05	2.30144979262495e-05	0.000110662313948985
rf_004_012_delta1	5.52563021465616e-05	6.5954705899173e-05	0.000110662313948985
rf_010_001_delta1	5.51556821709939e-05	6.79184847479135e-05	0.000165993470923477
rf_001_003_lag2	5.47299052968738e-05	0.000160853219231054	0.000110662313948985
rf_007_005	5.45794182531489e-05	0.00027569835177126	8.29967354617385e-05
rf_003_007_delta1	5.45313220936054e-05	0.000454890107445135	0.000138327892436231
rf_004_011_delta1	5.41774581828474e-05	6.79295401667168e-05	8.29967354617385e-05
rf_017_001	5.41506135425818e-05	0.000275074201279254	8.29967354617385e-05
rf_006_003_delta2	5.41268333856852e-05	0.000753695486191324	0.000165993470923477
rf_020_009	5.40187492943846e-05	0.000179994234877883	0.000110662313948985
rf_005_000_delta2	5.39987486977723e-05	0.00028812464250621	8.29967354617385e-05
rf_004_009	5.39815640629655e-05	1.73771956773136e-05	5.53311569744923e-05
rf_007_004_lag1	5.3938693939275e-05	1.27875145275894e-05	8.29967354617385e-05
rf_006_013_delta1	5.36217424097436e-05	0.000616620069454332	0.000110662313948985
rf_018_011_delta1	5.33757119130214e-05	0.00170475495254691	0.000248990206385216
rf_010_002_delta1	5.33164858676933e-05	0.000167025026945613	8.29967354617385e-05
rf_014_013_delta2	5.31712848117339e-05	0.000189886912025338	0.000221324627897969
rf_004_002_lag2	5.29870836233984e-05	0.000116627217984265	5.53311569744923e-05
rf_018_003	5.29848096664898e-05	3.55970065355944e-05	5.53311569744923e-05
rf_005_014	5.29429071447233e-05	0.000782929378200025	0.000138327892436231
rf_016_011_lag1	5.29301798842793e-05	0.000316388301347321	8.29967354617385e-05
rf_012_010_lag1	5.29204832318984e-05	0.000395477565790432	8.29967354617385e-05
rf_012_015_lag1	5.28802292057077e-05	0.000268396487986847	0.000110662313948985
rf_008_001_delta1	5.27179092096189e-05	0.000134709076442695	0.000110662313948985
rf_020_003_delta1	5.23520614474063e-05	0.0001090369519702	8.29967354617385e-05
rf_002_003_delta1	5.23096483323903e-05	0.000120915999474385	0.000110662313948985
rf_011_008_lag2	5.22289006892078e-05	4.20716365912875e-05	8.29967354617385e-05
rf_012_005_lag1	5.20242057648116e-05	0.000398543762162018	0.000110662313948985
rf_012_013_lag1	5.18137970001551e-05	0.000399079709638789	0.000110662313948985
rf_002_005_lag2	5.14659148525326e-05	5.47889732429948e-05	5.53311569744923e-05
rf_003_002_lag1	5.11422276803273e-05	0.000271837126586599	8.29967354617385e-05
rf_013_013_lag1	5.10508992392757e-05	0.000312431903426875	8.29967354617385e-05
rf_002_009_lag1	5.08788096049193e-05	2.39414707593901e-05	8.29967354617385e-05
rf_018_009_delta1	5.07249732172971e-05	0.000865751769170792	0.000165993470923477
rf_001_003_delta2	5.06972336530369e-05	0.000637240107868894	0.000138327892436231
rf_013_009_lag1	5.0676296866148e-05	0.000330927138414474	0.000110662313948985
rf_015_006	5.06351531512372e-05	8.31348267195575e-05	5.53311569744923e-05
rf_010_006_lag1	5.06002210561123e-05	1.81448262785713e-05	0.000110662313948985
rf_004_014_lag1	5.04074254823791e-05	0.000263738070972389	0.000138327892436231
rf_012_008_delta2	5.03235945704305e-05	0.00127846713622754	0.000193659049410723
rf_020_005_lag1	5.02253303144419e-05	0.00039391154168342	0.000110662313948985
rf_007_011_lag2	5.00642064246144e-05	6.83470023941384e-05	0.000110662313948985
rf_012_005_lag2	4.996183894519e-05	0.000271835444240259	0.000110662313948985
rf_011_008_delta2	4.9948106512028e-05	0.00018341660800309	0.000110662313948985
rf_012_015	4.99193925707825e-05	0.000513767662963833	0.000138327892436231
rf_015_007_delta2	4.99041363647626e-05	7.25663270139508e-05	8.29967354617385e-05
rf_005_008_lag1	4.9757961391269e-05	3.20621565408234e-05	0.000110662313948985
rf_008_009	4.95454917244476e-05	0.000215204061420169	8.29967354617385e-05
rf_008_005_lag1	4.94748084346954e-05	0.000291579460882252	8.29967354617385e-05
rf_011_001_lag1	4.9350972326077e-05	0.000149053242004833	8.29967354617385e-05
rf_002_012_delta1	4.93418724949974e-05	0.000767319607520097	0.000110662313948985
rf_013_000_delta1	4.90941069666903e-05	0.000258239682464069	8.29967354617385e-05
rf_004_004_delta2	4.8937081988896e-05	0.0015579921049159	0.000221324627897969
rf_008_005_delta1	4.83656951912516e-05	0.000839970532521412	0.000165993470923477
rf_010_004_lag2	4.82780028023696e-05	0.000722610772873831	0.000138327892436231
rf_005_010	4.81451672567605e-05	0.00021782948305077	0.000138327892436231
rf_015_001_lag2	4.80711011327516e-05	9.97006507907828e-06	0.000110662313948985
rf_009_000_delta1	4.79390806731999e-05	0.00130907190016785	0.000193659049410723
rf_005_001_delta1	4.79282451946207e-05	0.000227419818527473	0.000110662313948985
rf_011_012_delta1	4.76560537229006e-05	0.00104888526231844	0.000193659049410723
Visa_status_lag2	4.74896360466079e-05	0.000407829833286438	8.29967354617385e-05
rf_013_015_lag2	4.7245558923216e-05	0.000636455413469049	0.000138327892436231
rf_020_010_lag1	4.72145959696055e-05	0.000461081141975003	0.000110662313948985
rf_009_013_lag2	4.71572961973629e-05	3.86884381022752e-05	8.29967354617385e-05
rf_002_009	4.70475780838794e-05	2.92435054163554e-05	0.000110662313948985
rf_015_015	4.70361753485039e-05	5.05292723110311e-05	8.29967354617385e-05
rf_013_008_delta1	4.70218541009311e-05	0.000467881185879821	0.000138327892436231
rf_005_000	4.69577238351576e-05	1.05519165774017e-05	8.29967354617385e-05
rf_014_008_lag2	4.68321991965108e-05	3.8854750054708e-05	8.29967354617385e-05
rf_007_012_lag2	4.67628318084204e-05	4.22744794928095e-05	8.29967354617385e-05
rf_010_003_lag2	4.65835322771052e-05	0.000185461139476133	5.53311569744923e-05
rf_009_010	4.625994303533e-05	0.00038996307482429	0.000110662313948985
rf_001_007_lag2	4.62318277631298e-05	0.000867899885111319	0.000138327892436231
rf_010_013	4.61764059146722e-05	7.09363737460329e-05	0.000110662313948985
rf_016_010_lag2	4.61396733805251e-05	1.52511905743937e-05	0.000110662313948985
rf_001_009_delta2	4.60978706369328e-05	0.000589989007568244	0.000138327892436231
rf_016_007_delta2	4.60514008770268e-05	0.000339467449440051	0.000165993470923477
rf_011_015	4.59292061039763e-05	0.000212817052299414	8.29967354617385e-05
rf_009_008	4.59144041350149e-05	0.000230427132777172	8.29967354617385e-05
rf_004_002	4.5745778712639e-05	0.000388832297748861	0.000110662313948985
rf_011_011_lag2	4.56931044594602e-05	0.000303468842799666	0.000110662313948985
rf_016_012_lag2	4.56419724565791e-05	1.79900504153246e-05	8.29967354617385e-05
rf_012_005	4.55634291719491e-05	0.000479633096067767	0.000110662313948985
rf_009_008_delta2	4.5391306894116e-05	0.000953045115706744	0.000138327892436231
rf_018_014_delta1	4.53621045325485e-05	6.67627128125821e-06	2.76655784872462e-05
rf_006_002_delta2	4.53085458259242e-05	0.000259682414617905	8.29967354617385e-05
rf_003_002	4.52421262053757e-05	0.00060658823823107	0.000110662313948985
rf_014_012_delta2	4.51919055614384e-05	3.60832046277499e-05	0.000138327892436231
rf_011_007_lag2	4.50149787281232e-05	0.000575453775528962	0.000138327892436231
rf_008_009_lag2	4.49725997963705e-05	0.000438812163812405	0.000110662313948985
rf_009_013_delta1	4.49632653018071e-05	0.000117167731829671	8.29967354617385e-05
rf_020_011_lag1	4.49329567575182e-05	0.000585547132561216	0.000110662313948985
rf_013_000_lag1	4.4868877612661e-05	0.000688991003957694	0.000138327892436231
rf_001_012_delta2	4.44237111292671e-05	0.000203840052231105	8.29967354617385e-05
rf_005_010_lag1	4.42568185827748e-05	5.33815703622918e-05	5.53311569744923e-05
rf_001_006_delta1	4.41854242195528e-05	0.000206796175085041	0.000110662313948985
rf_008_004_lag2	4.40673767848253e-05	0.00126981458866759	0.000165993470923477
rf_016_001_lag2	4.39561154977736e-05	5.63799922099097e-05	8.29967354617385e-05
rf_007_015_lag2	4.38667296515459e-05	4.02614319298368e-05	8.29967354617385e-05
rf_001_012_lag2	4.36449535660052e-05	0.000184589443737009	8.29967354617385e-05
rf_004_007	4.36074505226238e-05	0.000373849321248044	0.000110662313948985
rf_014_007_lag2	4.35617207071872e-05	0.000822598624218309	0.000110662313948985
rf_018_007_lag2	4.3465052901986e-05	0.000618305540151458	0.000110662313948985
rf_015_010_lag1	4.34405271803988e-05	0.00057133755470625	0.000138327892436231
rf_007_015_delta2	4.33584528570481e-05	0.000106746317261187	8.29967354617385e-05
rf_020_001_lag1	4.3262747110539e-05	0.00048277908372289	8.29967354617385e-05
rf_003_013_delta2	4.31677847730193e-05	0.000396704476942411	0.000110662313948985
rf_009_002_delta2	4.30942106878309e-05	0.000218194071536089	0.000110662313948985
rf_019_007_lag2	4.30738103626071e-05	0.000261870185865008	8.29967354617385e-05
rf_003_012_lag1	4.26271361201362e-05	0.000424240881494416	0.000110662313948985
rf_011_003_lag2	4.25055402304267e-05	4.72124063348388e-05	0.000110662313948985
rf_005_006_delta2	4.23763590771204e-05	0.00102443019525508	0.000138327892436231
rf_012_001_lag2	4.23419035794551e-05	2.33913435063285e-05	8.29967354617385e-05
kmes_delta2	4.22683836947564e-05	7.6094207288172e-05	8.29967354617385e-05
rf_009_003_lag2	4.22074938619217e-05	3.45972121394666e-05	0.000110662313948985
rf_019_010_delta2	4.21047407139873e-05	0.000210801601384528	8.29967354617385e-05
rf_004_010_lag1	4.21045214483699e-05	7.88102352859221e-05	8.29967354617385e-05
rf_012_012_lag2	4.20965669105925e-05	0.00029566011209664	8.29967354617385e-05
rf_003_006_lag2	4.20684953683328e-05	6.96907164491265e-05	8.29967354617385e-05
rf_011_008_delta1	4.2042255556259e-05	3.08042421491568e-05	5.53311569744923e-05
rf_002_014_delta2	4.19522248473868e-05	7.66219833684356e-05	8.29967354617385e-05
rf_020_004	4.19129221013817e-05	0.000262746207637577	0.000110662313948985
rf_019_013	4.18823914582454e-05	5.52191732355594e-05	0.000110662313948985
rf_018_013_lag2	4.18388522048956e-05	0.000161241841235511	8.29967354617385e-05
rf_005_006_lag1	4.18175957583005e-05	0.000235400388892334	8.29967354617385e-05
rf_014_015	4.16350645227872e-05	1.0860747298321e-05	8.29967354617385e-05
rf_009_012	4.16240461175553e-05	0.00035478232884016	0.000110662313948985
rf_015_001_delta1	4.15783350875157e-05	0.000227621219417847	8.29967354617385e-05
rf_006_011_delta2	4.15502915693728e-05	0.00067547479312985	0.000110662313948985
rf_007_014	4.13031758310274e-05	7.7052664031383e-05	0.000110662313948985
rf_006_002_lag1	4.12548622536105e-05	5.50610326796334e-05	8.29967354617385e-05
rf_002_010_lag1	4.11630817312017e-05	2.31005379247625e-05	8.29967354617385e-05
rf_014_000_lag1	4.11407991707903e-05	0.000176757160185228	8.29967354617385e-05
rf_006_010_delta2	4.10606372624453e-05	4.39089991293637e-05	8.29967354617385e-05
rf_012_011_lag2	4.0831559508662e-05	4.7141747788574e-05	5.53311569744923e-05
Master_status_lag2	4.05241589676955e-05	0.000535427872086674	0.000110662313948985
rf_015_003_lag2	4.04327054959689e-05	2.03525453465593e-05	5.53311569744923e-05
rf_020_004_delta2	4.03809427964804e-05	0.000941148043063206	0.000138327892436231
rf_017_007_delta1	4.03633504261716e-05	8.35328217964776e-05	5.53311569744923e-05
rf_009_014_delta2	4.03166911955197e-05	0.000136169353065501	5.53311569744923e-05
rf_009_007_lag1	4.02771402359083e-05	0.000301014299490134	8.29967354617385e-05
rf_007_007	4.00531216051064e-05	5.22601663593273e-05	8.29967354617385e-05
rf_017_014_lag2	3.98447447428989e-05	0.000248553453246007	8.29967354617385e-05
rf_006_013_lag1	3.98445122351164e-05	0.00108196523839474	0.000193659049410723
rf_003_012_delta2	3.98248045059228e-05	0.000429831318381034	8.29967354617385e-05
rf_007_001	3.97601414739721e-05	0.000300068099841683	8.29967354617385e-05
rf_007_000_lag2	3.96434059374612e-05	0.000348387490068004	8.29967354617385e-05
rf_008_002_lag1	3.96058135864548e-05	2.17779733666155e-05	0.000110662313948985
rf_001_001_lag1	3.95633099319844e-05	0.000106520642516484	5.53311569744923e-05
rf_014_012_delta1	3.95132000394743e-05	3.12262707452146e-05	8.29967354617385e-05
rf_020_012_delta2	3.94135361174308e-05	0.00115895613628194	0.000165993470923477
rf_007_009_delta2	3.93803450925535e-05	0.00129911937955775	0.000165993470923477
rf_008_013_delta2	3.93166693717958e-05	0.00071018087711101	0.000110662313948985
rf_018_006_delta1	3.92738685385041e-05	0.000189766023424075	8.29967354617385e-05
rf_006_008_lag1	3.92612345891304e-05	0.000419816310621168	0.000110662313948985
rf_020_006_lag1	3.92344558517329e-05	1.30232833503301e-05	5.53311569744923e-05
rf_010_001_lag1	3.90316671831959e-05	0.000100839839597909	8.29967354617385e-05
rf_006_012_lag1	3.90172135139722e-05	0.000293937870115233	8.29967354617385e-05
rf_005_000_lag2	3.86779424691501e-05	0.000120067135578442	5.53311569744923e-05
rf_007_009_lag1	3.86307788043952e-05	0.000256093969875457	8.29967354617385e-05
rf_004_015_delta1	3.82139105198542e-05	0.000653618230155654	8.29967354617385e-05
rf_017_000_lag1	3.81491883600965e-05	8.88884512011199e-05	8.29967354617385e-05
rf_003_002_delta2	3.80540526426012e-05	0.000837909658255355	0.000110662313948985
rf_012_000	3.80532350158959e-05	0.000989682292950617	0.000138327892436231
rf_006_002_lag2	3.8001267216827e-05	3.54792422918198e-05	5.53311569744923e-05
rf_001_002_delta1	3.79667094773289e-05	0.000929063268635202	0.000138327892436231
rf_016_003_lag2	3.79157955082359e-05	0.000468672128994642	0.000110662313948985
rf_005_004_lag1	3.78175799095051e-05	6.16748168111336e-05	8.29967354617385e-05
rf_014_007_lag1	3.76366438929498e-05	0.000292871022200711	8.29967354617385e-05
rf_012_005_delta2	3.73400933045569e-05	0.000412542325718956	5.53311569744923e-05
rf_014_004_lag1	3.72645562993611e-05	4.53635077075765e-05	5.53311569744923e-05
rf_019_011_lag2	3.72410911828109e-05	0.000962428522583671	0.000138327892436231
rf_005_007_lag1	3.71202031496916e-05	7.10815362016245e-06	2.76655784872462e-05
Visa_status_lag1	3.70760334460778e-05	0.000225630763362864	5.53311569744923e-05
rf_007_012	3.70707415073566e-05	5.68796490727822e-05	8.29967354617385e-05
rf_007_012_lag1	3.70491463077009e-05	5.43498808483492e-05	5.53311569744923e-05
rf_015_007_lag2	3.70048300163989e-05	2.19685591733774e-05	5.53311569744923e-05
rf_012_006_lag2	3.69289012894821e-05	0.000372214080605916	8.29967354617385e-05
rf_008_014_lag2	3.69006572911189e-05	0.000370921798281883	8.29967354617385e-05
rf_007_011_lag1	3.67900611918953e-05	2.41022550024213e-05	8.29967354617385e-05
rf_013_002_delta2	3.67894120178482e-05	0.000317346998425724	0.000110662313948985
rf_015_002_lag1	3.67486563291705e-05	7.2589399192323e-05	5.53311569744923e-05
rf_013_014_lag2	3.65645594386026e-05	0.000326616246086747	0.000110662313948985
rf_017_013_lag1	3.655573769299e-05	0.000558392139957926	8.29967354617385e-05
rf_017_010_lag1	3.65297534854982e-05	0.000289624574435593	8.29967354617385e-05
rf_012_011	3.64594554503632e-05	0.000499919549236698	8.29967354617385e-05
rf_002_008	3.63748552610098e-05	0.000355470889163455	8.29967354617385e-05
rf_019_011_lag1	3.62884763101309e-05	0.000317026150945236	8.29967354617385e-05
Master_status_delta1	3.62764572533494e-05	5.82156724016463e-05	8.29967354617385e-05
rf_012_007_delta1	3.62435089970379e-05	7.69983482781318e-05	8.29967354617385e-05
rf_009_011	3.60585849330875e-05	0.00045688777355586	8.29967354617385e-05
rf_001_015_delta2	3.60475754586181e-05	0.000580177323380283	0.000110662313948985
rf_001_000	3.60436040409186e-05	0.000137789212255381	5.53311569744923e-05
rf_001_013_lag2	3.57770916102807e-05	0.000828508706909458	0.000110662313948985
rf_010_000_lag2	3.57346150560552e-05	0.00084648625989483	0.000138327892436231
rf_005_011_delta2	3.56997271863017e-05	0.000636478485647421	0.000110662313948985
rf_019_008	3.56765620201887e-05	0.000132285776708042	5.53311569744923e-05
rf_015_006_lag1	3.56110237735124e-05	0.000142095057544089	5.53311569744923e-05
rf_016_003_delta1	3.54999016831729e-05	8.56311883523891e-05	5.53311569744923e-05
rf_005_012_delta2	3.54587173178948e-05	0.000610909464972027	0.000110662313948985
rf_003_013	3.54036945821341e-05	0.000148134440568199	8.29967354617385e-05
rf_019_014_delta2	3.51771685627691e-05	0.000134393756671609	8.29967354617385e-05
rf_012_013_delta2	3.51663524855015e-05	0.000145414567207387	5.53311569744923e-05
rf_008_015_lag2	3.51074149961896e-05	0.000410935925299793	8.29967354617385e-05
rf_013_009	3.50763852158389e-05	0.000558770908219536	0.000110662313948985
rf_005_008_delta1	3.5005559341844e-05	4.01143467927142e-05	8.29967354617385e-05
rf_017_006_lag1	3.49877846607972e-05	0.000122530571290055	8.29967354617385e-05
rf_005_007_lag2	3.4814621487196e-05	0.000288188571667116	8.29967354617385e-05
rf_001_013	3.47871276728833e-05	0.000606627412867265	0.000110662313948985
rf_017_008	3.45906508977372e-05	7.64237068355497e-05	8.29967354617385e-05
rf_004_008_lag1	3.4525774143401e-05	0.000450490050761407	8.29967354617385e-05
rf_008_002_delta2	3.4340584620234e-05	0.000425392808066686	0.000110662313948985
rf_008_012_delta1	3.42859462152184e-05	0.000134381980247231	8.29967354617385e-05
rf_006_010_delta1	3.41055891584394e-05	0.000309251788174577	8.29967354617385e-05
rf_015_001_delta2	3.40273236513191e-05	0.000307790790546196	0.000110662313948985
rf_002_004_lag2	3.38484977583741e-05	0.000742138247508393	0.000110662313948985
rf_004_014_delta1	3.38254342181793e-05	0.000234119402322295	5.53311569744923e-05
rf_012_002_lag1	3.37573288392183e-05	6.27109018211593e-05	8.29967354617385e-05
rf_015_008_lag2	3.37501275650647e-05	0.000453591816741317	8.29967354617385e-05
rf_015_015_lag2	3.37006148018132e-05	6.67838623094232e-05	8.29967354617385e-05
rf_007_012_delta2	3.36795459012308e-05	0.000103730831614982	8.29967354617385e-05
rf_018_008_delta2	3.34848278703838e-05	0.000418623046395982	8.29967354617385e-05
rf_020_003_lag1	3.34529542869549e-05	4.87351701074027e-05	8.29967354617385e-05
rf_010_009_lag2	3.34488529112631e-05	3.85754805623281e-05	5.53311569744923e-05
rf_001_001_delta2	3.34437124875472e-05	0.000259147188146708	8.29967354617385e-05
rf_002_000	3.32615557281445e-05	0.000332482828108257	5.53311569744923e-05
rf_007_002_lag2	3.31887730932886e-05	3.86074451427812e-05	5.53311569744923e-05
rf_020_013_lag2	3.30591901929759e-05	0.000715636966625648	0.000110662313948985
rf_003_007_lag1	3.3037623941309e-05	6.48232078181707e-05	8.29967354617385e-05
rf_019_007_lag1	3.2973404983825e-05	0.000369494687915487	8.29967354617385e-05
rf_004_002_delta1	3.28832295350088e-05	0.000353520809420623	8.29967354617385e-05
rf_008_000_lag2	3.28416645344736e-05	0.000315214984943019	8.29967354617385e-05
rf_014_007	3.28215191979172e-05	4.97755811508732e-05	5.53311569744923e-05
rf_004_003_lag2	3.28037719250726e-05	0.000357346945667343	8.29967354617385e-05
rf_003_013_delta1	3.27193586658171e-05	0.000222915456370688	5.53311569744923e-05
rf_005_011	3.25816087371707e-05	0.00016250552367177	8.29967354617385e-05
rf_012_012	3.25582871287353e-05	0.000126158911674272	5.53311569744923e-05
rf_007_000_delta2	3.25254046771005e-05	0.000698484965022655	0.000110662313948985
rf_020_011_delta2	3.2449718620558e-05	0.000217060650773556	5.53311569744923e-05
rf_017_003_delta2	3.24348929388823e-05	0.000320245440833729	8.29967354617385e-05
rf_018_012	3.23692740073861e-05	6.79737618419301e-05	5.53311569744923e-05
rf_016_005_delta2	3.22594989223984e-05	0.00127947918771843	0.000165993470923477
rf_003_010_lag2	3.22337290532068e-05	0.000125434541407462	8.29967354617385e-05
rf_004_007_lag1	3.2207938242917e-05	0.000309520242583344	8.29967354617385e-05
rf_005_002_lag2	3.20592114832779e-05	9.39306835162068e-05	8.29967354617385e-05
rf_006_011_delta1	3.19183616561697e-05	4.30647016020567e-05	5.53311569744923e-05
rf_004_006	3.19102568352163e-05	0.000317864440092758	5.53311569744923e-05
rf_016_014_delta2	3.18511819969361e-05	0.000399200838575243	0.000110662313948985
rf_019_004_lag2	3.18309180968086e-05	0.000585682681609153	8.29967354617385e-05
rf_017_002_lag2	3.16427521660682e-05	2.46271470603884e-05	5.53311569744923e-05
ctarjeta_visa_delta1	3.16204868512672e-05	0.00038256748031524	5.53311569744923e-05
rf_003_006_lag1	3.15291768876553e-05	8.86084607031659e-05	5.53311569744923e-05
rf_008_013_lag2	3.15139188338913e-05	1.96685513919007e-05	5.53311569744923e-05
rf_017_014	3.14450558799039e-05	0.000101544021708643	5.53311569744923e-05
rf_010_007	3.14210660040671e-05	0.000439259427603557	8.29967354617385e-05
rf_011_012_lag1	3.13592121588608e-05	0.000230346620488061	5.53311569744923e-05
rf_011_003_delta2	3.13502949079819e-05	0.000174243494418617	8.29967354617385e-05
rf_013_013_lag2	3.12201694253522e-05	0.000333924839256518	5.53311569744923e-05
rf_011_004_delta1	3.11266427848947e-05	6.56100652347386e-05	5.53311569744923e-05
rf_009_015	3.11164567883199e-05	4.58718166373386e-05	5.53311569744923e-05
rf_015_014_lag1	3.10982097007322e-05	2.7274679528596e-05	5.53311569744923e-05
rf_013_003_delta1	3.10054467944477e-05	0.00110806395783193	0.000165993470923477
rf_020_014_lag1	3.09984500039597e-05	0.000594661844694184	0.000110662313948985
rf_001_014_delta1	3.09926564027515e-05	0.00106817168075605	0.000138327892436231
rf_003_004	3.09333872433976e-05	0.000177156597273296	8.29967354617385e-05
rf_011_006_delta2	3.0909047220079e-05	0.000568230982022512	0.000110662313948985
rf_003_000_lag2	3.07516363717529e-05	0.000292443706230443	8.29967354617385e-05
rf_015_012	3.06680111752993e-05	0.000186784905710236	8.29967354617385e-05
rf_020_009_delta2	3.06147234711235e-05	0.00021597217269181	5.53311569744923e-05
rf_003_012_lag2	3.04503253789866e-05	0.000435304231359068	8.29967354617385e-05
rf_015_012_lag1	3.0433711081151e-05	0.000270503506609648	8.29967354617385e-05
rf_006_008_lag2	3.03090431797901e-05	0.000203687199049389	5.53311569744923e-05
rf_001_004	3.03060590732836e-05	0.000311142024454756	8.29967354617385e-05
rf_014_015_delta2	3.02248993831965e-05	0.000346933702495365	8.29967354617385e-05
rf_016_000_delta1	3.01847158792339e-05	0.000849172966999233	0.000110662313948985
rf_006_010_lag2	3.01724006656946e-05	0.000116897835409755	8.29967354617385e-05
rf_015_002_lag2	3.01272214779601e-05	1.05913315487875e-05	2.76655784872462e-05
rf_013_011	3.01183455318578e-05	0.000592246956691229	0.000110662313948985
rf_011_001_delta2	2.99607126462983e-05	0.000315052999024032	8.29967354617385e-05
rf_004_003_delta1	2.99240878972159e-05	0.000613791324251827	8.29967354617385e-05
rf_007_009	2.96314884013388e-05	0.000366209786519748	8.29967354617385e-05
rf_014_004_lag2	2.95784071158588e-05	3.15170763267806e-05	5.53311569744923e-05
rf_017_003_delta1	2.95688708219595e-05	0.000461524800738285	0.000110662313948985
rf_002_006_delta2	2.94786719683864e-05	0.000243956081370159	8.29967354617385e-05
rf_012_009_lag2	2.94651834374281e-05	5.890231004341e-05	5.53311569744923e-05
rf_018_001_delta1	2.94369080274174e-05	0.000126710000268099	5.53311569744923e-05
rf_014_004_delta1	2.94320487687418e-05	0.000509040750419833	8.29967354617385e-05
rf_005_000_lag1	2.94231682032796e-05	8.84724309848465e-05	5.53311569744923e-05
rf_009_004_delta1	2.93438396274637e-05	4.10319465533911e-05	5.53311569744923e-05
ctarjeta_visa_lag1	2.93279307834783e-05	0.000385971587965902	0.000110662313948985
rf_014_009_lag2	2.93208989622428e-05	0.000604134896597495	8.29967354617385e-05
rf_017_009_lag2	2.92863033439933e-05	0.000409531406441386	8.29967354617385e-05
rf_008_006_delta2	2.92640324859604e-05	0.000305982027895894	8.29967354617385e-05
rf_006_014	2.91934074578852e-05	3.83349050357598e-05	8.29967354617385e-05
rf_010_005	2.90765862514951e-05	3.49709333620577e-05	5.53311569744923e-05
rf_014_007_delta1	2.89473279382059e-05	0.000621682009255112	8.29967354617385e-05
rf_018_012_lag1	2.88548027749785e-05	0.000430033680612173	8.29967354617385e-05
rf_018_003_delta1	2.87778368477816e-05	0.000528003197019468	0.000110662313948985
rf_002_014_delta1	2.85671823331775e-05	0.00010491928913634	5.53311569744923e-05
rf_018_013_delta1	2.85499108544043e-05	0.000478813312729981	8.29967354617385e-05
rf_016_007_delta1	2.85412473988582e-05	3.01168835018189e-05	8.29967354617385e-05
rf_010_007_delta1	2.84950217721239e-05	0.00013189090598861	5.53311569744923e-05
rf_013_015	2.828517164206e-05	0.000552575547656223	8.29967354617385e-05
rf_003_013_lag2	2.82521167343217e-05	0.000218924690517875	8.29967354617385e-05
rf_005_011_lag1	2.82158097972016e-05	0.000187610457092616	5.53311569744923e-05
rf_001_000_delta2	2.81977265429122e-05	0.000391109714022349	8.29967354617385e-05
rf_002_005_delta2	2.81663315251708e-05	0.000509115734999543	8.29967354617385e-05
rf_020_011_lag2	2.81278553366336e-05	0.000251219010853568	8.29967354617385e-05
rf_010_010	2.8051261729846e-05	0.000583143299977065	0.000110662313948985
rf_002_001	2.80447622904424e-05	5.71685319728172e-05	2.76655784872462e-05
ctarjeta_master	2.79376479567671e-05	2.50191337575241e-05	5.53311569744923e-05
rf_007_001_lag1	2.78881764597976e-05	0.000168847248366632	5.53311569744923e-05
rf_008_013_delta1	2.78667124499635e-05	0.000553517901941611	8.29967354617385e-05
rf_015_005	2.76551685545967e-05	0.000627552436639684	8.29967354617385e-05
rf_015_000_lag1	2.751784391502e-05	0.000499744585217376	0.000110662313948985
rf_005_007	2.73825431710017e-05	3.88785432386543e-05	5.53311569744923e-05
rf_012_006	2.7373655522521e-05	0.000250101932884048	5.53311569744923e-05
rf_001_005	2.73125204497177e-05	0.000209007499180899	5.53311569744923e-05
rf_003_001_lag2	2.73047088041404e-05	0.000428481595946261	8.29967354617385e-05
rf_008_003	2.7295169517954e-05	0.000856215028441766	0.000110662313948985
rf_008_013	2.71380915714992e-05	0.000340421580149818	8.29967354617385e-05
rf_018_010_delta1	2.70455214465019e-05	0.00033867818867157	8.29967354617385e-05
rf_012_008	2.70189767566736e-05	0.000286664846553786	8.29967354617385e-05
rf_010_000_delta2	2.69891837329514e-05	0.000240903584104481	5.53311569744923e-05
rf_013_011_lag1	2.69332974848435e-05	0.000350118864786683	8.29967354617385e-05
rf_014_013_lag2	2.69120424997947e-05	0.000133413669761174	0.000248990206385216
rf_015_008_lag1	2.68665261770266e-05	0.000542184655657044	8.29967354617385e-05
rf_004_012	2.68176299443454e-05	6.57621974108801e-05	5.53311569744923e-05
rf_019_008_lag1	2.67064862969929e-05	0.000200805099434398	8.29967354617385e-05
rf_017_004_lag2	2.66459067792091e-05	0.000211810047847545	5.53311569744923e-05
rf_009_002_lag1	2.66019920642626e-05	6.38399965502479e-05	5.53311569744923e-05
rf_005_012_lag1	2.62303744135561e-05	0.000184344301841804	5.53311569744923e-05
rf_005_008_delta2	2.62000868103654e-05	5.40802247636244e-06	5.53311569744923e-05
rf_019_011_delta2	2.61184226861754e-05	0.000572696409878295	0.000110662313948985
rf_020_000_delta2	2.60876885448594e-05	0.000299134397623184	5.53311569744923e-05
rf_009_000	2.605621838553e-05	5.16115016778011e-05	5.53311569744923e-05
rf_019_010_lag2	2.59898541973005e-05	0.000153918827954257	5.53311569744923e-05
rf_016_001_delta2	2.59703561870472e-05	0.000255510436030793	8.29967354617385e-05
rf_004_004_delta1	2.59325125428613e-05	0.000274185441741542	5.53311569744923e-05
rf_014_006_delta1	2.58955342587665e-05	1.58690923514237e-05	5.53311569744923e-05
rf_006_014_delta2	2.57051907617612e-05	6.79427586022425e-06	2.76655784872462e-05
rf_020_005_delta2	2.55922209274548e-05	0.000229423733353173	5.53311569744923e-05
rf_020_006_lag2	2.55450578786145e-05	5.21527365287818e-06	5.53311569744923e-05
rf_009_008_lag2	2.55041420521263e-05	0.000446483422785963	8.29967354617385e-05
rf_009_003_lag1	2.54994093639125e-05	2.1016831815525e-05	5.53311569744923e-05
rf_017_006	2.54316532085612e-05	1.57662288895144e-05	2.76655784872462e-05
rf_005_014_lag2	2.53659757651727e-05	0.00042699584379317	8.29967354617385e-05
rf_013_009_lag2	2.52913533932405e-05	0.000438102213657078	8.29967354617385e-05
rf_015_003_delta1	2.52601369907492e-05	0.000205515909520576	8.29967354617385e-05
rf_005_006_delta1	2.521366068675e-05	0.00062045461743275	8.29967354617385e-05
rf_013_004_lag2	2.51120575574132e-05	0.000257022865390128	5.53311569744923e-05
rf_015_007_lag1	2.50982228824184e-05	0.000168447330608181	5.53311569744923e-05
rf_004_004_lag2	2.50199438251757e-05	3.65355154579211e-05	2.76655784872462e-05
rf_014_007_delta2	2.49729415300606e-05	0.000426311849838511	8.29967354617385e-05
rf_018_010_lag2	2.49293760387239e-05	0.000224722296339459	5.53311569744923e-05
rf_001_002_delta2	2.48210532804942e-05	0.000182758810584291	8.29967354617385e-05
rf_012_010	2.4765458975933e-05	0.000281863189765268	8.29967354617385e-05
rf_002_006	2.47551787444159e-05	0.000382723698189635	8.29967354617385e-05
rf_013_008_lag1	2.46842869675528e-05	0.0004287536553829	8.29967354617385e-05
rf_009_008_lag1	2.45969083871878e-05	0.00013725494712495	5.53311569744923e-05
rf_007_011_delta1	2.45837352045332e-05	0.000273075333492572	8.29967354617385e-05
rf_001_000_lag2	2.448602465582e-05	3.50264507912657e-06	2.76655784872462e-05
rf_003_000_delta1	2.44763658821904e-05	0.000397384385198816	8.29967354617385e-05
rf_001_000_lag1	2.44684883337449e-05	7.33039157162865e-05	5.53311569744923e-05
rf_014_000_delta2	2.4340592423674e-05	5.40158149323354e-05	5.53311569744923e-05
rf_012_000_lag1	2.41691094652533e-05	1.63737962533151e-05	2.76655784872462e-05
rf_005_008_lag2	2.4150040747515e-05	2.66243325007302e-05	5.53311569744923e-05
rf_018_005_lag1	2.39065933968585e-05	0.000283645996214901	8.29967354617385e-05
rf_005_001_delta2	2.37273200419161e-05	0.000126010144190809	8.29967354617385e-05
rf_020_003_lag2	2.37185876039286e-05	5.72310191225752e-06	2.76655784872462e-05
rf_012_013_lag2	2.37129150299503e-05	8.21602675185243e-05	5.53311569744923e-05
rf_001_004_delta1	2.35705328071789e-05	0.000295223903724291	8.29967354617385e-05
rf_020_001_delta1	2.35166969389595e-05	0.000550526690149735	8.29967354617385e-05
rf_018_000_delta2	2.34657213784009e-05	0.000252702840325129	8.29967354617385e-05
rf_017_003	2.31902393826331e-05	0.000380981027716962	5.53311569744923e-05
rf_006_014_lag2	2.31532309187202e-05	1.19622034804012e-05	5.53311569744923e-05
rf_011_007_delta1	2.30300024099096e-05	0.000508182994121809	8.29967354617385e-05
rf_009_000_lag2	2.29848534019933e-05	0.00064596523665664	8.29967354617385e-05
rf_010_009_lag1	2.29683043911112e-05	3.56272887697079e-05	5.53311569744923e-05
rf_011_013_delta2	2.28231721094024e-05	1.28153934097891e-05	5.53311569744923e-05
entrenamiento_delta1	2.27778272791202e-05	4.01787566240032e-05	8.29967354617385e-05
rf_006_006_delta1	2.27570475119739e-05	0.000368266094417168	5.53311569744923e-05
rf_014_011_delta2	2.27021638189467e-05	0.00107503517315139	0.000138327892436231
rf_012_014_delta2	2.26130602156099e-05	0.000231911202583924	5.53311569744923e-05
rf_017_000	2.25700422724021e-05	5.53780347970595e-05	2.76655784872462e-05
rf_016_015_lag1	2.24574900282322e-05	0.000173221589184883	5.53311569744923e-05
rf_017_010_delta1	2.24380104954185e-05	0.000145720994576392	5.53311569744923e-05
rf_012_003_delta2	2.24045367657143e-05	0.000562960911946	8.29967354617385e-05
rf_001_007	2.23865816216734e-05	7.42791959228938e-05	5.53311569744923e-05
rf_014_009	2.23683314545124e-05	0.000358477242072388	5.53311569744923e-05
rf_001_002_lag1	2.21916335467025e-05	0.000629911566878239	8.29967354617385e-05
rf_016_014_lag1	2.21768497472234e-05	8.19595876337246e-05	5.53311569744923e-05
rf_008_014	2.21131309124399e-05	0.000248427517605726	5.53311569744923e-05
rf_015_011_delta2	2.21062249693636e-05	7.48521550191363e-05	5.53311569744923e-05
rf_014_003_lag2	2.21025913808527e-05	0.000489098457244954	8.29967354617385e-05
rf_016_006_lag2	2.20978285128207e-05	0.000366652243607072	5.53311569744923e-05
rf_011_015_delta2	2.20797200060305e-05	0.000607354667156371	8.29967354617385e-05
rf_017_011_lag2	2.18445428494125e-05	0.000628852650025033	8.29967354617385e-05
rf_019_015_delta1	2.18245360936537e-05	2.16722258824097e-05	5.53311569744923e-05
rf_017_007_lag1	2.18076655753213e-05	6.86277138976666e-06	2.76655784872462e-05
rf_001_013_delta1	2.18054759987205e-05	0.000356798020090238	5.53311569744923e-05
rf_004_006_lag2	2.17021347582256e-05	0.000646078194196587	8.29967354617385e-05
rf_014_001	2.16867356600055e-05	0.000226830276303026	5.53311569744923e-05
rf_011_014_delta1	2.16291408646428e-05	0.00061327868928862	8.29967354617385e-05
rf_018_000_lag2	2.15616945143634e-05	7.99253905739107e-05	5.53311569744923e-05
rf_016_004_delta1	2.15224059343954e-05	0.000167467724368129	2.76655784872462e-05
rf_007_006_delta1	2.12600404571339e-05	0.000429689039947739	5.53311569744923e-05
rf_017_013_delta1	2.12191948449164e-05	0.000194267261223373	5.53311569744923e-05
rf_012_009_lag1	2.11653971634057e-05	6.80533127902759e-05	2.76655784872462e-05
rf_005_014_delta2	2.10627414359225e-05	0.000394990887027894	5.53311569744923e-05
rf_006_000_delta2	2.10281097866657e-05	8.10155510019963e-05	2.76655784872462e-05
rf_004_010_delta2	2.10252768872071e-05	0.000828986252934723	0.000110662313948985
rf_018_013_delta2	2.09853640777356e-05	0.000338671699621402	5.53311569744923e-05
rf_017_008_delta2	2.0973791657271e-05	0.000159762578132586	8.29967354617385e-05
rf_001_012_lag1	2.08986007961116e-05	2.71691723795816e-05	5.53311569744923e-05
rf_014_010_delta2	2.08091792268339e-05	8.25299030428619e-05	2.76655784872462e-05
rf_004_007_lag2	2.08024626775143e-05	0.00033161065169875	5.53311569744923e-05
rf_011_000	2.07797699179422e-05	0.000269374171545369	5.53311569744923e-05
rf_012_003_delta1	2.07656713235175e-05	0.00106012814257105	0.000138327892436231
rf_016_011_lag2	2.07422305355962e-05	0.000285021434515151	5.53311569744923e-05
rf_011_015_lag2	2.0565996411522e-05	0.000379619769193003	5.53311569744923e-05
rf_013_009_delta1	2.05564485025305e-05	0.000213323919218028	2.76655784872462e-05
rf_016_001_delta1	2.05226779019622e-05	0.000186336199907936	5.53311569744923e-05
rf_019_000_delta1	2.04039221653808e-05	0.000579706987410758	8.29967354617385e-05
rf_013_014	2.03978566378522e-05	0.000208135803441775	5.53311569744923e-05
rf_010_009	2.03193305988326e-05	0.000228845006212338	8.29967354617385e-05
rf_002_000_delta1	2.02667653625478e-05	0.000519691925431273	8.29967354617385e-05
rf_011_007_lag1	2.02477945752397e-05	0.000528276938802447	8.29967354617385e-05
rf_002_005_lag1	2.01246716957925e-05	0.000403366328112187	8.29967354617385e-05
rf_020_014	1.99130117005132e-05	0.000288755522383574	8.29967354617385e-05
rf_014_008_delta2	1.98416469011946e-05	0.000254561833030429	5.53311569744923e-05
rf_011_015_lag1	1.98290342008766e-05	0.000616163672925908	8.29967354617385e-05
rf_008_004_lag1	1.98198219653723e-05	0.000461389732360731	8.29967354617385e-05
rf_002_001_lag2	1.97161044010228e-05	0.000148168568165374	5.53311569744923e-05
rf_014_002_delta1	1.97085224916119e-05	0.000390895575366832	5.53311569744923e-05
rf_014_008_delta1	1.96463166511799e-05	0.000575178111064452	8.29967354617385e-05
rf_002_008_lag2	1.95954990727305e-05	0.000215157676728233	5.53311569744923e-05
rf_002_014_lag1	1.95737212543794e-05	5.38836305770781e-05	5.53311569744923e-05
rf_010_010_delta1	1.95470752465902e-05	1.08097962377491e-05	2.76655784872462e-05
rf_004_008_lag2	1.95063503536452e-05	0.000459542996750191	8.29967354617385e-05
rf_013_010	1.94507745265237e-05	0.000125890457265504	5.53311569744923e-05
rf_003_011_delta1	1.93415069552123e-05	0.000304100684017796	8.29967354617385e-05
rf_016_005_lag1	1.92938397802264e-05	0.000629723624758582	8.29967354617385e-05
rf_020_006	1.92912797309603e-05	1.35839853518123e-05	8.29967354617385e-05
rf_002_002_delta1	1.88842093397717e-05	0.000118802491801417	5.53311569744923e-05
rf_002_007_delta1	1.86792133100982e-05	0.000873871012941077	0.000110662313948985
rf_020_014_lag2	1.86403552544745e-05	0.000349798017306195	5.53311569744923e-05
rf_004_007_delta1	1.85156460868317e-05	0.000255786100495303	5.53311569744923e-05
rf_011_012_lag2	1.85152346558418e-05	0.000321698026730411	5.53311569744923e-05
rf_008_005_lag2	1.84414579347317e-05	0.000289341459580151	5.53311569744923e-05
rf_006_006_delta2	1.84260372794987e-05	0.000369371876632693	5.53311569744923e-05
rf_008_007_lag2	1.82624885336719e-05	0.000396685250127101	5.53311569744923e-05
rf_017_015_delta1	1.82445025938982e-05	0.000219245778333554	5.53311569744923e-05
rf_012_015_delta1	1.81860738500918e-05	0.000462221532458087	8.29967354617385e-05
rf_001_011_delta2	1.81679896719305e-05	0.000203641295027836	5.53311569744923e-05
rf_003_006	1.810945653059e-05	0.000209598243081304	5.53311569744923e-05
rf_019_009	1.80795138396065e-05	0.000445644172297675	8.29967354617385e-05
rf_009_011_lag1	1.79418193432791e-05	0.000360769559127741	5.53311569744923e-05
rf_009_001_lag1	1.79001194574343e-05	2.89531805051721e-06	2.76655784872462e-05
rf_003_004_lag2	1.78818822244811e-05	1.08278213771023e-05	2.76655784872462e-05
rf_018_014_lag1	1.78321089293303e-05	1.4303068244412e-05	2.76655784872462e-05
rf_019_011	1.78073510079179e-05	0.000210405288653947	5.53311569744923e-05
rf_010_015_lag2	1.77172962783742e-05	0.000198696398465257	2.76655784872462e-05
rf_017_010	1.76769409342227e-05	0.000142965551607256	5.53311569744923e-05
rf_008_010_lag1	1.76645833765508e-05	2.06702684695595e-05	5.53311569744923e-05
rf_008_007_lag1	1.76559862858088e-05	0.00035491331151946	5.53311569744923e-05
rf_006_011_lag1	1.76211747894726e-05	0.000265345432732318	5.53311569744923e-05
rf_006_009_lag2	1.76130896777881e-05	4.18284173776141e-05	2.76655784872462e-05
rf_006_011_lag2	1.75989679865638e-05	3.5979379825075e-05	2.76655784872462e-05
rf_006_005	1.75265610596479e-05	0.000164737756929279	5.53311569744923e-05
rf_013_001	1.74202036850843e-05	0.000125029095939609	5.53311569744923e-05
rf_016_003_delta2	1.74018312588642e-05	0.000638935672644058	8.29967354617385e-05
rf_011_002_delta2	1.72037429430216e-05	0.000382449235401083	5.53311569744923e-05
rf_014_010_lag1	1.71820085466537e-05	0.000334300002490257	5.53311569744923e-05
rf_007_002_lag1	1.7148936393305e-05	4.73407453270341e-05	2.76655784872462e-05
rf_011_011_delta2	1.71309566126778e-05	9.57207000215817e-05	2.76655784872462e-05
rf_020_009_lag1	1.71161229241116e-05	0.000173649866495916	5.53311569744923e-05
rf_016_003_lag1	1.70956856440085e-05	0.000272923201316431	5.53311569744923e-05
rf_018_004_delta2	1.69986485979712e-05	0.000486532158071432	8.29967354617385e-05
rf_001_010_lag1	1.69889833572378e-05	0.000304490748033401	5.53311569744923e-05
rf_005_003_lag1	1.69171603174154e-05	0.000255124457713442	5.53311569744923e-05
rf_006_005_lag2	1.69135227254592e-05	0.000412426243821521	5.53311569744923e-05
rf_015_005_lag2	1.66983720338691e-05	0.000273806433144741	5.53311569744923e-05
rf_004_008_delta2	1.66395934505383e-05	0.000320365848764609	5.53311569744923e-05
rf_015_006_delta2	1.65027076501537e-05	0.00043492570343265	5.53311569744923e-05
rf_001_015	1.64030292541158e-05	1.93796684918657e-05	5.53311569744923e-05
rf_020_002	1.63736033155284e-05	2.76914207504435e-05	2.76655784872462e-05
rf_012_006_lag1	1.63412222184233e-05	0.000289412598796798	5.53311569744923e-05
rf_007_004_delta2	1.6183320794074e-05	5.04434726477095e-05	5.53311569744923e-05
rf_002_015_lag1	1.60529954086438e-05	0.000312895750346233	5.53311569744923e-05
rf_016_014	1.59921907740534e-05	4.46638919654784e-06	2.76655784872462e-05
rf_003_001	1.59885051407541e-05	0.00019668431224305	5.53311569744923e-05
rf_019_009_lag1	1.59826564151842e-05	1.34320935108622e-05	2.76655784872462e-05
rf_015_012_delta1	1.5965551233368e-05	8.30790689551581e-06	2.76655784872462e-05
rf_018_004_delta1	1.59259226685101e-05	0.00043210681197299	5.53311569744923e-05
rf_002_009_delta1	1.58563976062679e-05	0.000208259816400526	5.53311569744923e-05
rf_019_008_delta2	1.57818214279349e-05	5.52804587093605e-05	2.76655784872462e-05
rf_011_006_delta1	1.57572963222623e-05	0.00035350807165548	5.53311569744923e-05
rf_001_005_lag1	1.57495511954677e-05	2.26684152506668e-05	2.76655784872462e-05
rf_006_005_delta2	1.57223188369264e-05	0.000875022939513347	0.000110662313948985
rf_018_003_delta2	1.55368010312479e-05	0.000331761101528552	5.53311569744923e-05
rf_013_010_lag2	1.55313541899908e-05	0.000333304534127574	5.53311569744923e-05
rf_013_003_lag2	1.55102899087683e-05	0.000315025841147406	5.53311569744923e-05
rf_006_009	1.54462206185456e-05	0.000318024503330215	5.53311569744923e-05
rf_006_005_lag1	1.54434871893039e-05	4.11598048752036e-06	2.76655784872462e-05
rf_010_015	1.54250534795756e-05	0.000146076450324439	5.53311569744923e-05
rf_013_000_lag2	1.5275501394298e-05	7.5738991875317e-05	2.76655784872462e-05
rf_017_013_delta2	1.52705044786968e-05	0.000255406370892927	5.53311569744923e-05
rf_010_002_lag2	1.51245080687262e-05	1.7166421714476e-05	5.53311569744923e-05
rf_020_004_delta1	1.50955643913142e-05	0.000248353013696399	5.53311569744923e-05
rf_005_006	1.50842321775652e-05	0.00032361445954645	5.53311569744923e-05
rf_004_000_delta1	1.50551406806358e-05	0.000413677428827829	5.53311569744923e-05
rf_002_014	1.50296970164843e-05	0.000194799844007464	8.29967354617385e-05
rf_005_002	1.50178470482374e-05	1.26248076030272e-05	2.76655784872462e-05
rf_013_005_delta1	1.49160665354798e-05	0.000337092216743674	5.53311569744923e-05
rf_018_000	1.47728928623759e-05	1.84827375576472e-05	2.76655784872462e-05
rf_001_009_lag1	1.47564294636309e-05	4.55069878168285e-05	2.76655784872462e-05
rf_018_005_lag2	1.47127943739381e-05	7.62838317541683e-05	2.76655784872462e-05
rf_014_015_delta1	1.459225310077e-05	0.000300219270677059	5.53311569744923e-05
rf_020_014_delta1	1.45920276760061e-05	0.000348938818997023	5.53311569744923e-05
rf_019_011_delta1	1.43438691941487e-05	0.000365629617367764	5.53311569744923e-05
rf_007_004_delta1	1.43125705670508e-05	6.10547520173813e-06	2.76655784872462e-05
rf_009_009_delta1	1.41438518336047e-05	0.000212993217994693	2.76655784872462e-05
rf_008_004	1.40225092554696e-05	0.000170326511469557	2.76655784872462e-05
rf_019_009_delta2	1.39891106673534e-05	5.0830892976209e-06	2.76655784872462e-05
rf_009_011_lag2	1.39787091006491e-05	0.000326351637041041	5.53311569744923e-05
rf_016_000_lag2	1.3944521525859e-05	0.000316862002009525	5.53311569744923e-05
rf_020_001_delta2	1.39299114143128e-05	0.000353114883282387	5.53311569744923e-05
rf_007_010_lag2	1.36421702532393e-05	0.000285387224676427	5.53311569744923e-05
rf_002_008_lag1	1.36088865332064e-05	0.00025852255698432	5.53311569744923e-05
rf_019_014_delta1	1.35267472308595e-05	5.12899331917389e-06	2.76655784872462e-05
rf_017_011_lag1	1.34925861403996e-05	0.00038988640789824	5.53311569744923e-05
rf_007_013_lag1	1.34858147746756e-05	0.000115289992979444	2.76655784872462e-05
rf_017_006_delta2	1.33706621388297e-05	5.98023653351164e-05	2.76655784872462e-05
rf_005_011_lag2	1.33698848545343e-05	0.000198837715557787	5.53311569744923e-05
rf_012_006_delta2	1.33299828235692e-05	0.000259983314277509	5.53311569744923e-05
rf_005_006_lag2	1.33265059853382e-05	7.25492632153631e-05	2.76655784872462e-05
rf_006_006_lag1	1.32742320766855e-05	0.000536357248271728	8.29967354617385e-05
rf_018_015_delta1	1.32632392319118e-05	5.91296671344525e-06	2.76655784872462e-05
rf_010_012_delta1	1.32547839555193e-05	0.000155217118658075	2.76655784872462e-05
Master_status_lag1	1.31756647906864e-05	1.99526275881082e-06	2.76655784872462e-05
rf_001_014	1.31478814964855e-05	0.000393667841799364	5.53311569744923e-05
rf_018_014_lag2	1.31438835944558e-05	6.51668871418396e-06	2.76655784872462e-05
rf_013_004_delta2	1.31389242496487e-05	0.000180877466706193	2.76655784872462e-05
rf_003_009_lag2	1.3114182957932e-05	0.000153631387065371	2.76655784872462e-05
rf_004_004	1.30609038765614e-05	8.66305020781342e-05	2.76655784872462e-05
rf_011_010_lag1	1.29249591937706e-05	0.000189678301079223	2.76655784872462e-05
rf_006_003_lag1	1.29093740893245e-05	8.14375795980541e-06	2.76655784872462e-05
rf_015_009_delta2	1.28695792275096e-05	0.000428394834942174	5.53311569744923e-05
rf_009_005_delta1	1.28490156849021e-05	3.36007824360181e-05	2.76655784872462e-05
rf_017_013_lag2	1.28273749075618e-05	6.6142167348447e-05	2.76655784872462e-05
rf_002_002	1.2785564157079e-05	3.62396628373362e-05	2.76655784872462e-05
rf_001_011	1.27760137844288e-05	5.88386212176951e-05	2.76655784872462e-05
rf_001_011_lag1	1.27660100985921e-05	0.000106481948550673	2.76655784872462e-05
rf_003_000_lag1	1.27087078626908e-05	0.00013633854904023	2.76655784872462e-05
rf_006_009_lag1	1.26861136494637e-05	0.000323580091614083	5.53311569744923e-05
rf_003_010	1.26275093699804e-05	0.000102573858003693	2.76655784872462e-05
rf_009_007_lag2	1.25852265209141e-05	0.000326374228549031	5.53311569744923e-05
rf_002_007	1.25355687097612e-05	0.000431278376568314	5.53311569744923e-05
rf_001_005_delta2	1.25321306741535e-05	0.000320614355352492	5.53311569744923e-05
rf_005_003_delta1	1.2488198097682e-05	0.000116072043692184	2.76655784872462e-05
rf_010_012	1.23701137080752e-05	8.00957882245969e-05	2.76655784872462e-05
rf_005_009_delta1	1.23229660571014e-05	4.23597984857483e-05	5.53311569744923e-05
rf_018_011_lag2	1.23061287981604e-05	1.2469070399015e-05	2.76655784872462e-05
rf_006_009_delta2	1.23015808843432e-05	0.000241154013373896	5.53311569744923e-05
rf_012_014	1.22834828481022e-05	4.56242713902204e-05	2.76655784872462e-05
rf_010_009_delta1	1.2258395412349e-05	2.37523269637765e-06	2.76655784872462e-05
rf_017_012_lag1	1.22347997218918e-05	0.000189935700069187	2.76655784872462e-05
rf_013_001_delta2	1.21781355735738e-05	8.50978845627238e-06	2.76655784872462e-05
rf_011_000_lag1	1.21250960830042e-05	0.000425140215780549	5.53311569744923e-05
rf_020_005_delta1	1.1986553472196e-05	0.000316581290505997	5.53311569744923e-05
rf_011_006	1.19538551790433e-05	3.46774840933865e-05	2.76655784872462e-05
rf_003_003_lag2	1.19325679367154e-05	9.20750555035859e-05	2.76655784872462e-05
rf_013_008_delta2	1.18304197229084e-05	7.21870780819581e-05	2.76655784872462e-05
rf_012_009_delta2	1.15742223229657e-05	0.000324965623992371	5.53311569744923e-05
rf_015_009	1.15498459606825e-05	2.09149296943812e-05	2.76655784872462e-05
rf_006_000_delta1	1.15224168174086e-05	0.000205334937121469	2.76655784872462e-05
rf_020_015_lag2	1.14369820636968e-05	0.000412675952085361	5.53311569744923e-05
rf_006_007_delta2	1.14137411400812e-05	0.000102175141921199	2.76655784872462e-05
rf_014_010_lag2	1.14107354765618e-05	0.00042929657258022	5.53311569744923e-05
rf_018_008_delta1	1.13291643554847e-05	0.000336028012516257	5.53311569744923e-05
rf_020_006_delta1	1.12770832281193e-05	3.92130898250509e-06	2.76655784872462e-05
rf_010_009_delta2	1.12691154481767e-05	0.000166914713092771	5.53311569744923e-05
rf_016_006_lag1	1.12590738835886e-05	0.000214152835293087	2.76655784872462e-05
rf_008_010_delta1	1.11835159372945e-05	3.8484874195179e-06	2.76655784872462e-05
rf_008_010	1.11489205363153e-05	9.81468837785313e-05	0.000193659049410723
rf_009_007_delta1	1.11210855959705e-05	0.00012376036646433	2.76655784872462e-05
rf_018_005	1.11144990046432e-05	0.000142536312955457	2.76655784872462e-05
rf_019_004_delta2	1.10873895210756e-05	0.000430367506192996	5.53311569744923e-05
rf_011_000_lag2	1.08617190071673e-05	7.16203677006915e-05	2.76655784872462e-05
rf_013_008_lag2	1.08364640426278e-05	3.18751757619322e-05	2.76655784872462e-05
rf_019_000	1.08219703389515e-05	3.00945323290209e-05	2.76655784872462e-05
rf_009_005_delta2	1.07545030475737e-05	4.9621766628392e-05	2.76655784872462e-05
rf_011_009_delta1	1.07495646438649e-05	0.000155818917977283	2.76655784872462e-05
rf_014_010_delta1	1.07381622158452e-05	0.000431672526282172	5.53311569744923e-05
rf_018_009_delta2	1.07272254193052e-05	5.83418483771191e-05	2.76655784872462e-05
rf_002_012_lag2	1.07156733240242e-05	2.39099868493198e-05	2.76655784872462e-05
rf_011_006_lag2	1.06749120921145e-05	3.95185558532909e-05	2.76655784872462e-05
rf_013_007	1.06488638294986e-05	1.25414112916195e-05	2.76655784872462e-05
rf_019_000_lag1	1.06425605589129e-05	0.000157604368114022	2.76655784872462e-05
rf_009_015_lag1	1.05039465020046e-05	3.43463021996692e-06	2.76655784872462e-05
rf_014_001_lag2	1.04822305830764e-05	0.00015086104331437	2.76655784872462e-05
rf_001_014_lag2	1.04745562864673e-05	5.70058250482551e-05	2.76655784872462e-05
rf_007_008	1.0443618893315e-05	0.000138007436609151	2.76655784872462e-05
rf_011_011	1.04384932515508e-05	3.13702315248493e-05	2.76655784872462e-05
rf_004_003_lag1	1.04261577128278e-05	1.73680629400412e-05	2.76655784872462e-05
rf_014_011	1.03956514599345e-05	0.000215001458853838	2.76655784872462e-05
rf_016_015_lag2	1.03626322752461e-05	0.000163282287010301	2.76655784872462e-05
rf_010_002_delta2	1.03570607112713e-05	3.52235256481948e-06	2.76655784872462e-05
rf_007_008_lag1	1.03299820234365e-05	0.000196248824876275	2.76655784872462e-05
rf_009_010_delta2	1.02432476898013e-05	0.000198054703504281	2.76655784872462e-05
rf_001_010_lag2	1.01683229037732e-05	0.000159322284061984	2.76655784872462e-05
rf_008_009_delta2	1.00674151420826e-05	0.000183711979953292	2.76655784872462e-05
rf_003_001_delta1	1.00028127777255e-05	0.000357631983204316	5.53311569744923e-05
rf_002_000_delta2	9.98997434468621e-06	5.36247895759652e-05	2.76655784872462e-05
rf_003_000_delta2	9.98416195808102e-06	0.000110901472384902	2.76655784872462e-05
rf_007_009_lag2	9.97943358126975e-06	0.00040880943952649	5.53311569744923e-05
rf_009_002_delta1	9.97153817129922e-06	7.34969048749621e-06	2.76655784872462e-05
rf_002_001_delta1	9.90865574861798e-06	2.65072892625297e-05	2.76655784872462e-05
rf_018_004_lag2	9.89701865711449e-06	0.000179249436119806	2.76655784872462e-05
rf_019_010_delta1	9.8898931404635e-06	2.47881716386109e-06	2.76655784872462e-05
rf_008_000_lag1	9.85473857966409e-06	2.43644606962134e-05	2.76655784872462e-05
rf_017_010_lag2	9.82272333586442e-06	0.000103214351288713	2.76655784872462e-05
rf_002_015_lag2	9.82170091753607e-06	5.81579919557158e-05	2.76655784872462e-05
rf_001_012_delta1	9.77979285253766e-06	3.9829789926124e-05	2.76655784872462e-05
rf_016_002_lag2	9.77146657177085e-06	3.60707071977983e-05	5.53311569744923e-05
rf_017_005_delta2	9.70844899431736e-06	1.07677375792581e-05	2.76655784872462e-05
rf_006_014_delta1	9.680006671435e-06	2.44949627051311e-06	2.76655784872462e-05
rf_008_006_delta1	9.61169372923506e-06	0.000130013167138383	2.76655784872462e-05
rf_005_012_delta1	9.58159767550234e-06	1.1286140587058e-05	2.76655784872462e-05
rf_010_002	9.52893561310304e-06	9.61364799026637e-06	5.53311569744923e-05
rf_020_012_lag2	9.49484024506756e-06	0.000415984406329855	5.53311569744923e-05
rf_019_001_lag1	9.45726791128746e-06	0.000169422130144406	2.76655784872462e-05
rf_010_012_lag1	9.44946427260062e-06	0.000182893878961845	2.76655784872462e-05
rf_012_011_delta1	9.40045655936676e-06	0.000160696520686277	2.76655784872462e-05
rf_003_003_lag1	9.39022498510743e-06	7.21471824401896e-05	2.76655784872462e-05
rf_008_015	9.37231480283635e-06	4.20858163675787e-05	2.76655784872462e-05
rf_003_008	9.33926482241522e-06	0.00016483220865949	2.76655784872462e-05
rf_011_002_lag2	9.33509015287936e-06	0.000107592297134834	2.76655784872462e-05
rf_018_011_delta2	9.33407943692947e-06	6.06594006275663e-05	2.76655784872462e-05
rf_010_015_delta2	9.33024228862489e-06	0.000111314127908496	2.76655784872462e-05
rf_015_000_lag2	9.26397972631355e-06	0.000212463519232899	2.76655784872462e-05
rf_009_014_delta1	9.25983646842512e-06	8.94215146555938e-05	2.76655784872462e-05
rf_016_005	9.23047828044984e-06	0.00015348982963765	2.76655784872462e-05
rf_013_002_lag2	9.19024735105871e-06	8.81477381412964e-06	2.76655784872462e-05
rf_008_010_lag2	9.16900199092739e-06	4.77041321363959e-06	2.76655784872462e-05
rf_002_001_lag1	9.1276753493639e-06	5.25055485897231e-05	2.76655784872462e-05
rf_019_009_lag2	9.11809110140764e-06	8.156255389757e-06	2.76655784872462e-05
rf_020_008	9.11628400780802e-06	1.12743641626806e-05	2.76655784872462e-05
rf_008_014_lag1	9.11566809315239e-06	0.000113801837474438	2.76655784872462e-05
rf_015_011_delta1	9.10443531112566e-06	0.000152900047078011	5.53311569744923e-05
rf_016_000_delta2	9.09581285239883e-06	0.000179413585055516	2.76655784872462e-05
rf_016_012_lag1	9.04484837830403e-06	2.10437493569592e-06	2.76655784872462e-05
rf_010_013_delta1	9.04480834385141e-06	0.000100333934020061	2.76655784872462e-05
rf_020_006_delta2	8.97610614358912e-06	4.50364115121126e-06	2.76655784872462e-05
rf_005_010_delta1	8.92092942916446e-06	0.000188309832499523	2.76655784872462e-05
rf_005_009_delta2	8.87289609291581e-06	3.18090835843035e-05	2.76655784872462e-05
rf_009_001_delta1	8.85540288486659e-06	0.000417602342838204	5.53311569744923e-05
rf_017_014_lag1	8.77368332835754e-06	4.58871980895867e-06	2.76655784872462e-05
rf_010_012_delta2	8.77150914962317e-06	0.000140953225049858	2.76655784872462e-05
rf_018_005_delta2	8.737065970251e-06	0.00016861989127559	2.76655784872462e-05
rf_013_005_delta2	8.71754640298476e-06	0.000211628835113247	2.76655784872462e-05
rf_009_001	8.71055946713129e-06	3.55313950283486e-05	2.76655784872462e-05
rf_019_006_lag2	8.69802929937714e-06	0.000193005501468644	2.76655784872462e-05
rf_005_014_lag1	8.61229890663063e-06	0.000179118934110888	2.76655784872462e-05
rf_012_004_lag1	8.60985495727709e-06	0.000163103717963108	2.76655784872462e-05
rf_013_005	8.56356897090646e-06	4.49861814571148e-05	2.76655784872462e-05
rf_016_015	8.56225830451928e-06	0.000154307209623523	2.76655784872462e-05
rf_019_009_delta1	8.48458345955376e-06	0.000109082855991753	2.76655784872462e-05
rf_006_013_delta2	8.46486372002443e-06	0.000118774853254408	2.76655784872462e-05
rf_013_003_lag1	8.39747157023466e-06	0.000175296162556848	2.76655784872462e-05
rf_009_000_delta2	8.34869605682597e-06	4.71799610840029e-05	2.76655784872462e-05
rf_004_005_lag1	8.34192407518732e-06	0.000105441777842394	2.76655784872462e-05
rf_002_012_delta2	8.2951034748956e-06	5.86538034555263e-06	2.76655784872462e-05
rf_013_014_delta1	8.24011399852626e-06	0.000122266442914732	2.76655784872462e-05
rf_004_005_lag2	8.19484611908139e-06	0.000183636755038391	2.76655784872462e-05
rf_001_004_lag2	8.19029512569093e-06	0.000144774794927942	2.76655784872462e-05
rf_013_010_delta2	8.07136939666456e-06	0.000187948608706883	2.76655784872462e-05
rf_012_012_delta1	8.01564020679381e-06	0.000149210901890376	2.76655784872462e-05
rf_012_014_delta1	7.95249417263995e-06	3.72238354460245e-05	2.76655784872462e-05
rf_001_010_delta1	7.93048815790893e-06	0.000199880529953171	2.76655784872462e-05
rf_009_010_lag1	7.89714253845309e-06	0.000116660143905483	2.76655784872462e-05
rf_004_008_delta1	7.80518155305022e-06	0.000403931115811922	5.53311569744923e-05
rf_001_007_delta2	7.80232555679207e-06	6.03866201853536e-06	5.53311569744923e-05
rf_008_009_delta1	7.74133337618895e-06	9.54380658365225e-05	2.76655784872462e-05
rf_019_007	7.72900769210047e-06	0.000171256848995377	2.76655784872462e-05
rf_010_014_delta1	7.72364800276718e-06	0.000110651043115487	2.76655784872462e-05
rf_004_012_delta2	7.69735229643835e-06	0.000160627784821543	5.53311569744923e-05
rf_003_003_delta2	7.6353350798696e-06	0.000216463898493367	2.76655784872462e-05
rf_019_001_lag2	7.58746557691935e-06	0.000181072138211208	2.76655784872462e-05
rf_016_005_lag2	7.52478702198911e-06	0.000202355021083587	2.76655784872462e-05
rf_017_000_delta1	7.49426783488797e-06	0.000178876435902789	2.76655784872462e-05
rf_012_008_delta1	7.46727968650755e-06	0.000198596659360836	2.76655784872462e-05
rf_011_007	7.41843888614537e-06	0.000206829101006259	2.76655784872462e-05
rf_002_012	7.40277556053803e-06	0.000195582375390587	2.76655784872462e-05
rf_001_015_delta1	7.37346048658865e-06	0.000208922660858343	2.76655784872462e-05
rf_005_015_delta1	7.37265055881649e-06	0.000202792671467085	2.76655784872462e-05
rf_013_011_delta1	7.35955374957916e-06	0.000205508939800026	2.76655784872462e-05
rf_003_000	7.35426797000454e-06	0.000150293131257146	2.76655784872462e-05
rf_014_009_delta2	7.35036861431975e-06	0.000210666292671782	2.76655784872462e-05
rf_018_012_lag2	7.28375313291072e-06	0.000212741106378939	2.76655784872462e-05
rf_003_008_delta2	7.26422247918068e-06	0.000170204421192337	2.76655784872462e-05
rf_016_004_lag1	7.24367741401282e-06	0.00011705573563049	2.76655784872462e-05
rf_003_001_lag1	7.23391147123314e-06	0.000118064903099081	2.76655784872462e-05
rf_006_007_delta1	7.19427736314332e-06	0.000212122964266718	2.76655784872462e-05
rf_012_010_delta2	7.16383208580085e-06	0.00017772979670473	2.76655784872462e-05
rf_018_000_delta1	7.13262676977334e-06	0.000113081793241073	2.76655784872462e-05
rf_015_000_delta1	7.03288986184313e-06	0.000137863475829517	2.76655784872462e-05
rf_002_013_delta2	6.969554279954e-06	0.00011767892478173	5.53311569744923e-05
rf_020_013_lag1	6.89313944239523e-06	0.000176495435161818	2.76655784872462e-05
rf_007_000_lag1	6.87335318408311e-06	0.000208737602760983	2.76655784872462e-05
rf_015_004_delta1	6.86770155120304e-06	0.000157900941740181	2.76655784872462e-05
rf_009_010_delta1	6.7835873185129e-06	0.000196934260842082	2.76655784872462e-05
rf_008_015_lag1	6.77447424526819e-06	0.000214960361536113	2.76655784872462e-05
rf_004_006_lag1	6.76463562455915e-06	0.000215075482092783	2.76655784872462e-05
rf_009_006_delta1	6.73020537939475e-06	0.000153925076669233	2.76655784872462e-05
rf_017_014_delta2	6.71761608383367e-06	0.000211012135012174	2.76655784872462e-05
rf_014_010	6.67014630949492e-06	0.000206261669619418	2.76655784872462e-05
rf_013_004_lag1	6.65545674495813e-06	0.000162541573950477	2.76655784872462e-05
rf_011_000_delta2	6.59072657830999e-06	0.000171244111230234	2.76655784872462e-05
rf_006_011	6.57214443314962e-06	5.6505206844617e-06	2.76655784872462e-05
rf_012_009	6.53208780760604e-06	1.23558725238765e-05	2.76655784872462e-05
rf_014_003_lag1	6.4377678690721e-06	5.39386673359034e-05	2.76655784872462e-05
rf_009_015_delta2	6.35239655456982e-06	0.000110221804463688	2.76655784872462e-05
rf_014_013	6.33514472141631e-06	0.000305735684324733	0.000691639462181154
rf_016_009_lag1	6.31773041409232e-06	0.000128952087268454	2.76655784872462e-05
rf_013_003_delta2	6.3141784342733e-06	0.00020955570375243	2.76655784872462e-05
rf_017_008_lag1	6.2382375815367e-06	8.80492007128319e-06	5.53311569744923e-05
rf_003_004_delta2	6.21361928027782e-06	0.000197572591110379	2.76655784872462e-05
rf_018_008_lag1	6.18832982451764e-06	0.000217661248416806	2.76655784872462e-05
rf_008_007_delta1	6.13228159085526e-06	0.00020747151697281	2.76655784872462e-05
rf_015_008_delta1	6.10861845774327e-06	0.000372925953442774	5.53311569744923e-05
rf_006_002_delta1	6.10041108699967e-06	0.000110183110497877	2.76655784872462e-05
rf_007_001_delta1	6.08429075271785e-06	4.79257211828454e-05	2.76655784872462e-05
rf_012_008_lag1	6.04505452549557e-06	7.03141459355581e-05	2.76655784872462e-05
rf_014_009_lag1	6.04128574371776e-06	0.000218077028297888	2.76655784872462e-05
rf_004_006_delta1	6.03479030775949e-06	0.000193207383029401	2.76655784872462e-05
rf_013_001_delta1	5.9649357311765e-06	0.000102372937783702	2.76655784872462e-05
rf_001_014_lag1	5.94002999024677e-06	0.000217486524732675	2.76655784872462e-05
rf_015_012_delta2	5.92638624879525e-06	0.000153513622821596	2.76655784872462e-05
rf_006_012_delta1	5.90350501933858e-06	0.00019319152090677	2.76655784872462e-05
rf_017_002_delta2	5.820122185302e-06	8.82489192568661e-05	5.53311569744923e-05
rf_018_009	5.78033009510301e-06	0.000168382920776892	2.76655784872462e-05
rf_011_007_delta2	5.72790282370109e-06	0.000215872433587388	2.76655784872462e-05
rf_001_011_delta1	5.72424737021992e-06	0.000213635153290861	2.76655784872462e-05
rf_012_013_delta1	5.56293747416634e-06	0.000198565175450765	2.76655784872462e-05
rf_009_015_delta1	5.55277241868981e-06	3.37315247801271e-05	2.76655784872462e-05
rf_015_006_delta1	5.43756804601276e-06	0.000214794289918872	2.76655784872462e-05
rf_004_000_lag1	5.43242823821152e-06	0.000210209415472975	2.76655784872462e-05
rf_001_004_lag1	5.30132834010196e-06	0.000194378296081789	2.76655784872462e-05
rf_013_013_delta2	5.29043958490507e-06	0.00014369761260019	2.76655784872462e-05
rf_020_012_delta1	5.15448597135181e-06	0.000206116266828635	2.76655784872462e-05
rf_011_014	5.1297443716778e-06	0.000213939177307953	2.76655784872462e-05
rf_011_014_lag2	5.02030372834814e-06	0.000213517869717469	2.76655784872462e-05
rf_019_007_delta2	5.00077215074611e-06	0.000216163719839337	2.76655784872462e-05
rf_020_001_lag2	4.95669822186118e-06	0.000196393266326293	2.76655784872462e-05
rf_018_014_delta2	4.91791652040742e-06	4.3088494786003e-05	5.53311569744923e-05
rf_002_002_lag1	4.89808008429819e-06	4.12511322479268e-06	2.76655784872462e-05
rf_007_008_lag2	4.86808534852632e-06	0.000216566281284893	2.76655784872462e-05
rf_015_010	4.83753844526567e-06	0.000117095631272258	2.76655784872462e-05
rf_004_006_delta2	4.83570024797594e-06	0.000215330718066025	2.76655784872462e-05
rf_008_007	4.81472281071982e-06	0.000211250307186828	2.76655784872462e-05
rf_016_015_delta1	4.78256221106142e-06	0.000218650708399705	2.76655784872462e-05
rf_002_005	4.69353482716332e-06	0.000205058551651386	2.76655784872462e-05
rf_013_003	4.66153806080332e-06	0.000215499673705563	2.76655784872462e-05
rf_014_011_lag2	4.64542203792409e-06	0.000218692767058196	2.76655784872462e-05
rf_005_002_delta1	4.61667668503116e-06	0.000202265616392395	2.76655784872462e-05
rf_020_009_delta1	4.57801818575586e-06	0.000211278907074602	2.76655784872462e-05
rf_008_005_delta2	4.55942526208902e-06	0.000156607457740191	2.76655784872462e-05
rf_013_010_lag1	4.44823203360675e-06	0.000216190877715963	2.76655784872462e-05
rf_013_015_delta2	4.23001039154361e-06	0.000205767540465948	2.76655784872462e-05
rf_020_014_delta2	4.16905701356379e-06	0.000214275886911072	2.76655784872462e-05
rf_017_012_lag2	4.1232120220866e-06	0.000156761993268246	2.76655784872462e-05
rf_015_008_delta2	3.93443879949578e-06	0.000189501414378369	2.76655784872462e-05
rf_010_007_delta2	3.8565197443693e-06	0.000210007053241836	2.76655784872462e-05
rf_011_010_delta2	3.74766052447455e-06	0.000200667868040122	2.76655784872462e-05
rf_004_003_delta2	3.70876920945942e-06	0.000217781656347686	2.76655784872462e-05
rf_017_002_lag1	3.52672023512145e-06	1.92196052544087e-06	2.76655784872462e-05
rf_008_010_delta2	2.93974802507372e-06	3.41951313642931e-05	2.76655784872462e-05
rf_006_014_lag1	1.66843581277095e-06	2.7324428913211e-05	2.76655784872462e-05
rf_013_007_delta2	1.22120070301669e-06	1.00347152455587e-05	2.76655784872462e-05
ctarjeta_visa	1.05815686285251e-06	7.21779453446858e-05	0.000110662313948985
rf_014_013_delta1	2.58342410321318e-07	0.000399224631759189	0.000387318098821446
ctarjeta_visa_lag2	3.03664420709858e-10	1.39452091444518e-05	2.76655784872462e-05
rf_014_013_lag1	4.40675583184523e-12	3.76146204672033e-05	5.53311569744923e-05
